Symbol,AssetType,Name,Description,CIK,Exchange,Currency,Country,Sector,Industry,Address,FiscalYearEnd,LatestQuarter,MarketCapitalization,EBITDA,PERatio,PEGRatio,BookValue,DividendPerShare,DividendYield,EPS,RevenuePerShareTTM,ProfitMargin,OperatingMarginTTM,ReturnOnAssetsTTM,ReturnOnEquityTTM,RevenueTTM,GrossProfitTTM,DilutedEPSTTM,QuarterlyEarningsGrowthYOY,QuarterlyRevenueGrowthYOY,AnalystTargetPrice,TrailingPE,ForwardPE,PriceToSalesRatioTTM,PriceToBookRatio,EVToRevenue,EVToEBITDA,Beta,52WeekHigh,52WeekLow,50DayMovingAverage,200DayMovingAverage,SharesOutstanding,DividendDate,ExDividendDate,image_url,image_url2
ADBE,Common Stock,Adobe Systems Incorporated,"Adobe Inc. is an American multinational computer software company. Incorporated in Delaware and headquartered in San Jose, California, it has historically specialized in software for the creation and publication of a wide range of content, including graphics, photography, illustration, animation, multimedia, motion pictures and print. The company has expanded into digital marketing management software. Adobe has millions of users worldwide. Flagship products include: Photoshop image editing software, Adobe Illustrator vector-based illustration software, Adobe Acrobat Reader and the Portable Document Format (PDF), plus a host of tools primarily for audio-visual content creation, editing and publishing.",796343,NASDAQ,USD,USA,TECHNOLOGY,SERVICES-PREPACKAGED SOFTWARE,"345 PARK AVE, SAN JOSE, CA, US",November,2023-08-31,239797404000,7039000000,46.4,1.481,34.6,0.0,0.0,11.35,41.11,0.271,0.34,0.144,0.34,18886001000,15441000000,11.35,0.26,0.103,604.07,46.4,22.22,8.89,10.99,9.13,22.68,1.336,570.24,276.6,529.31,426.73,455300000,None,2005-03-24,http://investor-data-bucket.s3.us-west-1.amazonaws.com/company_icon/ADBE.png,https://unidatafrontend.s3.us-west-2.amazonaws.com/company_icon/ADBE.png
ADP,Common Stock,Automatic Data Processing Inc,"Automatic Data Processing, Inc. (ADP) is an American provider of human resources management software and services.",8670,NASDAQ,USD,USA,TECHNOLOGY,SERVICES-COMPUTER PROCESSING & DATA PREPARATION,"ONE ADP BOULVARD, ROSELAND, NJ, US",June,2023-06-30,101501665000,5108700000,30.05,2.947,8.52,4.79,0.0208,8.2,43.54,0.189,0.253,0.05,1.013,18012201000,8510000000,8.2,0.262,0.085,259.4,30.05,31.95,6.11,41.87,6.72,24.22,0.825,270.44,199.3,248.03,229.28,411972000,2023-10-01,2023-09-07,http://investor-data-bucket.s3.us-west-1.amazonaws.com/company_icon/ADP.png,https://unidatafrontend.s3.us-west-2.amazonaws.com/company_icon/ADP.png
ABNB,Common Stock,AirbnbÂ Inc,"Airbnb, Inc. is an American company that operates an online marketplace for lodging, primarily homestays for vacation rentals, and tourism activities, based in San Francisco, California.",1559720,NASDAQ,USD,USA,TRADE & SERVICES,SERVICES-TO DWELLINGS & OTHER BUILDINGS,"888 BRANNAN ST., SAN FRANCISCO, CA, US",December,2023-06-30,79754117000,1976900000,39.18,None,8.02,0.0,0.0,3.19,14.3,0.253,0.215,0.0608,0.446,9088000000,6900000000,3.19,0.762,0.181,142.83,39.18,30.67,7.14,10.74,6.5,28.41,1.298,154.95,81.91,136.99,121.39,426359000,None,None,http://investor-data-bucket.s3.us-west-1.amazonaws.com/company_icon/ABNB.png,https://unidatafrontend.s3.us-west-2.amazonaws.com/company_icon/ABNB.png
ALGN,Common Stock,Align Technology Inc,"Align Technology is a manufacturer of 3D digital scanners and the Invisalign clear aligners used in orthodontics. It is headquartered in San Jose, California.",1097149,NASDAQ,USD,USA,LIFE SCIENCES,"ORTHOPEDIC, PROSTHETIC & SURGICAL APPLIANCES & SUPPLIES","2820 ORCHARD PARKWAY, SAN JOSE, CA, US",December,2023-06-30,21784551000,713589000,72.06,10.8,47.54,0.0,0.0,3.95,48.37,0.084,0.154,0.0602,0.0868,3737183000,2636675000,3.95,0.015,0.034,395.42,72.06,25.06,4.083,4.14,3.707,16.42,1.629,413.2,172.05,339.05,314.46,76534000,None,None,http://investor-data-bucket.s3.us-west-1.amazonaws.com/company_icon/ALGN.png,https://unidatafrontend.s3.us-west-2.amazonaws.com/company_icon/ALGN.png
GOOGL,Common Stock,Alphabet Inc Class A,"Alphabet Inc. is an American multinational conglomerate headquartered in Mountain View, California. It was created through a restructuring of Google on October 2, 2015, and became the parent company of Google and several former Google subsidiaries. The two co-founders of Google remained as controlling shareholders, board members, and employees at Alphabet. Alphabet is the world's fourth-largest technology company by revenue and one of the world's most valuable companies.",1652044,NASDAQ,USD,USA,TECHNOLOGY,"SERVICES-COMPUTER PROGRAMMING, DATA PROCESSING, ETC.","1600 AMPHITHEATRE PARKWAY, MOUNTAIN VIEW, CA, US",December,2023-06-30,1739988140000,91374002000,29.46,1.34,21.15,0.0,0.0,4.67,22.55,0.21,0.264,0.13,0.233,289531003000,156633000000,4.67,0.191,0.071,150.14,29.46,17.79,4.173,4.852,4.057,12.16,1.06,139.16,83.34,132.57,113.07,5933000000,None,None,http://investor-data-bucket.s3.us-west-1.amazonaws.com/company_icon/GOOGL.png,https://unidatafrontend.s3.us-west-2.amazonaws.com/company_icon/GOOGL.png
GOOG,Common Stock,Alphabet Inc Class C,"Alphabet Inc. is an American multinational conglomerate headquartered in Mountain View, California. It was created through a restructuring of Google on October 2, 2015, and became the parent company of Google and several former Google subsidiaries. The two co-founders of Google remained as controlling shareholders, board members, and employees at Alphabet. Alphabet is the world's fourth-largest technology company by revenue and one of the world's most valuable companies.",1652044,NASDAQ,USD,USA,TECHNOLOGY,"SERVICES-COMPUTER PROGRAMMING, DATA PROCESSING, ETC.","1600 AMPHITHEATRE PARKWAY, MOUNTAIN VIEW, CA, US",December,2023-06-30,1708659966000,91374002000,28.39,1.344,21.15,0.0,0.0,4.79,22.55,0.21,0.264,0.13,0.233,289531003000,156633000000,4.79,0.191,0.071,142.3,28.39,17.83,4.179,4.864,4.057,12.16,1.06,139.93,83.45,133.14,113.47,5801000000,None,None,http://investor-data-bucket.s3.us-west-1.amazonaws.com/company_icon/GOOG.png,https://unidatafrontend.s3.us-west-2.amazonaws.com/company_icon/GOOG.png
AMZN,Common Stock,Amazon.com Inc,"Amazon.com, Inc. is an American multinational technology company which focuses on e-commerce, cloud computing, digital streaming, and artificial intelligence. It is one of the Big Five companies in the U.S. information technology industry, along with Google, Apple, Microsoft, and Facebook. The company has been referred to as one of the most influential economic and cultural forces in the world, as well as the world's most valuable brand.",1018724,NASDAQ,USD,USA,TRADE & SERVICES,RETAIL-CATALOG & MAIL-ORDER HOUSES,"410 TERRY AVENUE NORTH, SEATTLE, WA, US",December,2023-06-30,1320265712000,63431000000,102.37,11.85,16.35,0.0,0.0,1.25,52.56,0.0243,0.0329,0.0247,0.0871,538046005000,225152000000,1.25,-0.986,0.108,170.48,102.37,43.86,1.797,6.61,1.948,19.3,1.188,145.86,81.43,134.53,114.11,10317800000,None,None,http://investor-data-bucket.s3.us-west-1.amazonaws.com/company_icon/AMZN.png,https://unidatafrontend.s3.us-west-2.amazonaws.com/company_icon/AMZN.png
AMD,Common Stock,Advanced Micro Devices Inc,"Advanced Micro Devices, Inc. (AMD) is an American multinational semiconductor company based in Santa Clara, California, that develops computer processors and related technologies for business and consumer markets. AMD's main products include microprocessors, motherboard chipsets, embedded processors and graphics processors for servers, workstations, personal computers and embedded system applications.",2488,NASDAQ,USD,USA,MANUFACTURING,SEMICONDUCTORS & RELATED DEVICES,"2485 AUGUSTINE DRIVE, SANTA CLARA, CA, US",December,2023-06-30,173264454000,3100000000,None,0.902,34.16,0.0,0.0,-0.04,13.55,-0.0011,-0.0173,-0.0035,-0.0005,21876001000,12051000000,-0.04,-0.938,-0.182,137.34,-,18.02,4.699,2.038,4.75,18.86,1.797,132.83,54.57,106.2,96.83,1615670000,None,1995-04-27,http://investor-data-bucket.s3.us-west-1.amazonaws.com/company_icon/AMD.png,https://unidatafrontend.s3.us-west-2.amazonaws.com/company_icon/AMD.png
AEP,Common Stock,American Electric Power Company Inc,"American Electric Power (AEP) is a major investor-owned electric utility in the United States, delivering electricity to more than five million customers in 11 states.",4904,NASDAQ,USD,USA,ENERGY & TRANSPORTATION,ELECTRIC SERVICES,"1 RIVERSIDE PLAZA, COLUMBUS, OH, US",December,2023-06-30,37190558000,6807700000,18.8,3.045,46.4,3.27,0.0456,3.84,37.87,0.102,0.192,0.025,0.0819,19470600000,8414100000,3.84,-0.01,-0.058,93.57,18.8,18.62,2.61,2.085,4.69,12.14,0.462,97.49,69.38,78.73,86.99,515176000,2023-09-08,2023-08-09,http://investor-data-bucket.s3.us-west-1.amazonaws.com/company_icon/AEP.png,https://unidatafrontend.s3.us-west-2.amazonaws.com/company_icon/AEP.png
AMGN,Common Stock,Amgen Inc,"Amgen Inc. (formerly Applied Molecular Genetics Inc.) is an American multinational biopharmaceutical company headquartered in Thousand Oaks, California. Focused on molecular biology and biochemistry, its goal is to provide a healthcare business based on recombinant DNA technology.",318154,NASDAQ,USD,USA,LIFE SCIENCES,"BIOLOGICAL PRODUCTS, (NO DISGNOSTIC SUBSTANCES)","ONE AMGEN CENTER DRIVE, THOUSAND OAKS, CA, US",December,2023-06-30,143069970000,13763000000,18.04,1.55,12.68,8.14,0.0326,14.83,49.73,0.3,0.384,0.0854,1.735,26582000000,19917000000,14.83,0.049,0.059,264.74,18.04,14.95,5.49,39.6,6.53,13.85,0.614,287.01,210.01,257.83,243.81,534901000,2023-09-08,2023-08-17,http://investor-data-bucket.s3.us-west-1.amazonaws.com/company_icon/AMGN.png,https://unidatafrontend.s3.us-west-2.amazonaws.com/company_icon/AMGN.png
ADI,Common Stock,Analog Devices Inc,"Analog Devices, Inc. (ADI), also known simply as Analog, is an American multinational semiconductor company specializing in data conversion, signal processing and power management technology, headquartered in Wilmington, Massachusetts.",6281,NASDAQ,USD,USA,MANUFACTURING,SEMICONDUCTORS & RELATED DEVICES,"ONE TECHNOLOGY WAY, NORWOOD, MA, US",October,2023-07-31,84967514000,6693482000,23.17,1.526,72.05,3.34,0.0201,7.36,25.37,0.292,0.34,0.0547,0.103,12836771000,7803870000,7.36,0.208,-0.011,200.71,23.17,17.06,7.04,2.398,7.71,16.54,1.167,199.15,131.02,180.73,181.91,498314000,2023-09-14,2023-09-01,http://investor-data-bucket.s3.us-west-1.amazonaws.com/company_icon/ADI.png,https://unidatafrontend.s3.us-west-2.amazonaws.com/company_icon/ADI.png
ANSS,Common Stock,ANSYS Inc,"Ansys, Inc. is an American company based in Canonsburg, Pennsylvania. It develops and markets multiphysics engineering simulation software for product design, testing and operation and offers its products and services to customers worldwide.",1013462,NASDAQ,USD,USA,TECHNOLOGY,SERVICES-PREPACKAGED SOFTWARE,"2600 ANSYS DRIVE, SOUTHPOINTE, CANONSBURG, PA, US",December,2023-06-30,25185042000,738823000,49.94,3.864,56.64,0.0,0.0,5.81,24.99,0.241,0.284,0.0606,0.112,2172672000,1884284000,5.81,-0.292,0.048,340.31,49.94,30.58,10.66,4.91,11.12,33.0,1.237,351.23,194.23,308.42,301.68,86791000,None,None,http://investor-data-bucket.s3.us-west-1.amazonaws.com/company_icon/ANSS.png,https://unidatafrontend.s3.us-west-2.amazonaws.com/company_icon/ANSS.png
AAPL,Common Stock,Apple Inc,"Apple Inc. is an American multinational technology company that specializes in consumer electronics, computer software, and online services. Apple is the world's largest technology company by revenue (totalling $274.5 billion in 2020) and, since January 2021, the world's most valuable company. As of 2021, Apple is the world's fourth-largest PC vendor by unit sales, and fourth-largest smartphone manufacturer. It is one of the Big Five American information technology companies, along with Amazon, Google, Microsoft, and Facebook.",320193,NASDAQ,USD,USA,TECHNOLOGY,ELECTRONIC COMPUTERS,"ONE INFINITE LOOP, CUPERTINO, CA, US",September,2023-06-30,2774914040000,123957002000,29.73,2.75,3.852,0.93,0.0056,5.97,24.22,0.247,0.292,0.209,1.601,383932989000,170782000000,5.97,0.05,-0.014,199.56,29.73,28.66,5.51,44.63,5.92,23.52,1.275,197.96,123.64,179.39,167.12,15634200000,2023-08-17,2023-08-11,http://investor-data-bucket.s3.us-west-1.amazonaws.com/company_icon/AAPL.webp,https://unidatafrontend.s3.us-west-2.amazonaws.com/company_icon/AAPL.png
AMAT,Common Stock,Applied Materials Inc,"Applied Materials, Inc. is an American corporation that supplies equipment, services and software for the manufacture of semiconductor (integrated circuit) chips for electronics, flat panel displays for computers, smartphones and televisions, and solar products. The company also supplies equipment to produce coatings for flexible electronics, packaging and other applications. The company is headquartered in Santa Clara, California, in Silicon Valley.",6951,NASDAQ,USD,USA,MANUFACTURING,SEMICONDUCTORS & RELATED DEVICES,"3050 BOWERS AVE, SANTA CLARA, CA, US",October,2023-07-31,117357355000,8223000000,18.53,3.775,18.04,1.16,0.0094,7.57,31.42,0.243,0.291,0.171,0.474,26543000000,11993000000,7.57,0.0,-0.015,155.6,18.53,15.97,3.489,7.74,3.77,11.75,1.599,155.26,70.45,143.87,126.99,836534000,2023-12-14,2023-11-22,http://investor-data-bucket.s3.us-west-1.amazonaws.com/company_icon/AMAT.jpg,https://unidatafrontend.s3.us-west-2.amazonaws.com/company_icon/AMAT.jpg
ASML,Common Stock,ASML Holding NV ADR,"ASML Holding NV develops, produces, markets, sells and services advanced semiconductor equipment systems consisting of lithography, metrology and inspection related systems for memory and logic chip manufacturers. The company is headquartered in Veldhoven, the Netherlands.",937966,NASDAQ,USD,USA,TECHNOLOGY,"SPECIAL INDUSTRY MACHINERY, NEC","DE RUN 6501, DR VELDHOVEN, NL",December,2023-06-30,235792318000,8884300000,30.48,1.703,0.597,4.51,0.0132,19.6,1.177,0.274,0.32,0.145,0.684,25856999000,10700100000,19.6,0.126,0.271,683.73,30.48,30.49,12.43,29.61,12.62,35.86,1.168,770.52,359.98,638.27,655.73,393400000,2023-08-10,2023-08-01,http://investor-data-bucket.s3.us-west-1.amazonaws.com/company_icon/ASML.png,https://unidatafrontend.s3.us-west-2.amazonaws.com/company_icon/ASML.png
AZN,Common Stock,AstraZeneca PLC ADR,"AstraZeneca PLC discovers, develops, manufactures and markets prescription drugs in the areas of oncology, cardiovascular, renal and metabolism, respiratory, infections, neuroscience and gastroenterology worldwide. The company is headquartered in Cambridge, the United Kingdom.",901832,NASDAQ,USD,USA,LIFE SCIENCES,PHARMACEUTICAL PREPARATIONS,"1 FRANCIS CRICK AVENUE, CAMBRIDGE BIOMEDICAL CAMPUS, CAMBRIDGE, GB",December,2023-06-30,210473763000,17610000000,34.22,1.376,2.002,2.9,0.0219,1.97,2.384,0.139,0.289,0.0832,0.168,44485001000,35732000000,1.97,4.087,0.06,83.71,34.22,18.42,4.651,6.21,5.34,28.11,0.168,76.06,52.41,68.54,69.56,3099810000,2023-09-11,2023-08-10,http://investor-data-bucket.s3.us-west-1.amazonaws.com/company_icon/AZN.png,https://unidatafrontend.s3.us-west-2.amazonaws.com/company_icon/AZN.png
TEAM,Common Stock,Atlassian Corp Plc,"Atlassian Corporation Plc designs, develops, licenses and maintains various software products worldwide. The company is headquartered in Sydney, Australia.",1650372,NASDAQ,USD,USA,TECHNOLOGY,SERVICES-PREPACKAGED SOFTWARE,"350 BUSH STREET, FLOOR 13, SAN FRANCISCO, CA, US",June,2023-06-30,51272868000,-187404992,None,4.358,2.542,0.0,0.0,-1.82,13.79,-0.138,-0.0703,-0.0418,-0.991,3534647000,2910074000,-1.82,1.722,0.236,188.71,-,109.89,12.37,79.67,12.71,-865.05,0.703,228.48,113.86,195.29,168.91,153295000,None,None,http://investor-data-bucket.s3.us-west-1.amazonaws.com/company_icon/TEAM.png,https://unidatafrontend.s3.us-west-2.amazonaws.com/company_icon/TEAM.png
ADSK,Common Stock,Autodesk Inc,"Autodesk, Inc. is an American multinational software corporation that makes software products and services for the architecture, engineering, construction, manufacturing, media, education, and entertainment industries. Autodesk is headquartered in San Rafael, California.",769397,NASDAQ,USD,USA,TECHNOLOGY,SERVICES-PREPACKAGED SOFTWARE,"111 MCINNIS PKWY, SAN RAFAEL, CA, US",January,2023-07-31,44898988000,1113000000,53.58,1.079,5.64,0.0,0.0,3.92,24.3,0.168,0.201,0.0756,0.898,5212000000,4583000000,3.92,0.212,0.087,238.39,53.58,27.25,8.55,47.65,9.06,43.62,1.487,233.69,179.61,209.63,204.67,213764000,None,2005-03-22,http://investor-data-bucket.s3.us-west-1.amazonaws.com/company_icon/ADSK.png,https://unidatafrontend.s3.us-west-2.amazonaws.com/company_icon/ADSK.png
BKR,Common Stock,Baker Hughes Co,"Baker Hughes Company is an American international industrial service company and one of the world's largest oil field services companies. The company provides the oil and gas industry with products and services for oil drilling, formation evaluation, completion, production and reservoir consulting. Baker Hughes is headquartered in Houston.",1701605,NASDAQ,USD,USA,TECHNOLOGY,OIL & GAS FIELD MACHINERY & EQUIPMENT,"17021 ALDINE WESTFIELD ROAD, HOUSTON, TX, US",December,2023-06-30,37422887000,3343000000,32.01,1.317,14.99,0.75,0.0217,1.15,23.14,0.0494,0.0982,0.0409,0.0774,23303999000,4431000000,1.15,6.43,0.251,40.17,32.01,16.29,1.412,1.919,1.493,17.93,1.507,37.58,21.33,34.51,30.74,1009650000,2023-08-18,2023-08-07,http://investor-data-bucket.s3.us-west-1.amazonaws.com/company_icon/BKR.png,https://unidatafrontend.s3.us-west-2.amazonaws.com/company_icon/BKR.png
BIIB,Common Stock,Biogen Inc,"Biogen Inc. is an American multinational biotechnology company based in Cambridge, Massachusetts, specializing in the discovery, development, and delivery of therapies for the treatment of neurological diseases to patients worldwide.",875045,NASDAQ,USD,USA,LIFE SCIENCES,"BIOLOGICAL PRODUCTS, (NO DISGNOSTIC SUBSTANCES)","225 BINNEY STREET, CAMBRIDGE, MA, US",December,2023-06-30,38124659000,3086500000,13.88,36.19,99.91,0.0,0.0,18.96,69.08,0.267,0.262,0.0651,0.203,9971500000,7895100000,18.96,-0.438,-0.051,333.45,13.88,18.45,3.938,3.258,4.183,10.36,0.0833,319.76,248.41,262.99,279.97,144823000,None,None,http://investor-data-bucket.s3.us-west-1.amazonaws.com/company_icon/BIIB.png,https://unidatafrontend.s3.us-west-2.amazonaws.com/company_icon/BIIB.png
BKNG,Common Stock,Booking Holdings Inc,"Booking Holdings Inc. is an American travel technology company organized in Delaware and based in Norwalk, Connecticut, that owns and operates several travel fare aggregators and travel fare metasearch engines including namesake and flagship Booking.com, Priceline.com, Agoda.com, Kayak.com, Cheapflights, Rentalcars.com, Momondo, and OpenTable.",1075531,NASDAQ,USD,USA,ENERGY & TRANSPORTATION,TRANSPORTATION SERVICES,"800 CONNECTICUT AVE, NORWALK, CT, US",December,2023-06-30,115044409000,6286000000,27.25,0.465,-18.45,0.0,0.0,114.32,507.8,0.23,0.3,0.142,2.671,19341001000,14625000000,114.32,0.656,0.272,3325.79,27.25,17.15,4.759,21.21,4.879,18.64,1.348,3251.71,1616.85,2949.86,2549.95,36933700,None,None,http://investor-data-bucket.s3.us-west-1.amazonaws.com/company_icon/BKNG.png,https://unidatafrontend.s3.us-west-2.amazonaws.com/company_icon/BKNG.png
AVGO,Common Stock,Broadcom Inc,"Broadcom Inc. is an American designer, developer, manufacturer and global supplier of a wide range of semiconductor and infrastructure software products. Broadcom's product offerings serve the data center, networking, software, broadband, wireless, and storage and industrial markets.",1730168,NASDAQ,USD,USA,MANUFACTURING,SEMICONDUCTORS & RELATED DEVICES,"1320 RIDDER PARK DRIVE, SAN JOSE, CA, US",October,2023-07-31,348869231000,20329001000,26,0.859,53.46,18.4,0.0226,32.51,85.59,0.393,0.457,0.142,0.648,35454001000,24947000000,32.51,0.083,0.049,965.33,26,13.44,6.81,9.71,7.46,12.93,1.121,918.67,404.32,855.69,723.48,412735000,2023-09-29,2023-09-20,http://investor-data-bucket.s3.us-west-1.amazonaws.com/company_icon/AVGO.png,https://unidatafrontend.s3.us-west-2.amazonaws.com/company_icon/AVGO.png
CDNS,Common Stock,Cadence Design Systems Inc,"Cadence Design Systems, Inc., headquartered in San Jose, California, is an American multinational computational software company. The company produces software, hardware and silicon structures for designing integrated circuits, systems on chips (SoCs) and printed circuit boards.",813672,NASDAQ,USD,USA,TECHNOLOGY,SERVICES-PREPACKAGED SOFTWARE,"2655 SEELY AVENUE BLDG 5, SAN JOSE, CA, US",December,2023-06-30,66303173000,1238117000,72.6,2.072,10.7,0.0,0.0,3.36,14.08,0.234,0.29,0.145,0.322,3800700000,3190095000,3.36,0.191,0.139,264.21,72.6,35.21,12.96,16.76,13.15,38.57,1.046,248.16,138.76,233.18,212.18,271790000,None,None,http://investor-data-bucket.s3.us-west-1.amazonaws.com/company_icon/CDNS.png,https://unidatafrontend.s3.us-west-2.amazonaws.com/company_icon/CDNS.png
CHTR,Common Stock,Charter Communications Inc,"Charter Communications, Inc., is an American telecommunications and mass media company with services branded as Charter Spectrum.",1091667,NASDAQ,USD,USA,TECHNOLOGY,CABLE & OTHER PAY TELEVISION SERVICES,"400 ATLANTIC STREET, STAMFORD, CT, US",December,2023-06-30,64532152000,21394000000,14.68,0.3,69.89,0.0,0.0,29.38,355.96,0.0848,0.232,0.0547,0.388,54535999000,24485000000,29.38,-0.085,0.004,485.48,14.68,9.92,0.911,6.6,2.999,7.57,1.131,457.66,297.66,428.46,375.92,149671000,None,None,http://investor-data-bucket.s3.us-west-1.amazonaws.com/company_icon/CHTR.png,https://unidatafrontend.s3.us-west-2.amazonaws.com/company_icon/CHTR.png
CTAS,Common Stock,Cintas Corporation,"Cintas Corporation is an American corporation headquartered in Cincinnati, Ohio, which provides a range of products and services to businesses including uniforms, mats, mops, cleaning and restroom supplies, first aid and safety products, fire extinguishers and testing, and safety courses.",723254,NASDAQ,USD,USA,MANUFACTURING,"MEN'S & BOYS' FURNISHGS, WORK CLOTHG, & ALLIED GARMENTS","6800 CINTAS BLVD, P O BOX 625737, CINCINNATI, OH, US",May,2023-08-31,50276512000,2159728000,37.23,3.074,40.01,4.8,0.0112,13.25,88.36,0.154,0.207,0.137,0.378,8991645000,3632246000,13.25,0.091,0.081,532.62,37.23,36.9,5.56,14.44,6.12,24.43,1.297,524.76,367.11,496.52,469.07,101927000,2023-09-15,2023-08-14,http://investor-data-bucket.s3.us-west-1.amazonaws.com/company_icon/CTAS.png,https://unidatafrontend.s3.us-west-2.amazonaws.com/company_icon/CTAS.png
CSCO,Common Stock,Cisco Systems Inc,"Cisco Systems, Inc. is an American multinational technology conglomerate headquartered in San Jose, California, in the center of Silicon Valley. Cisco develops, manufactures and sells networking hardware, software, telecommunications equipment and other high-technology services and products. Through its numerous acquired subsidiaries, such as OpenDNS, Webex, Jabber and Jasper, Cisco specializes in specific tech markets, such as the Internet of Things (IoT), domain security and energy management. On January 25, 2021, Cisco reincorporated in Delaware.",858877,NASDAQ,USD,USA,TECHNOLOGY,COMPUTER COMMUNICATIONS EQUIPMENT,"170 WEST TASMAN DR, SAN JOSE, CA, US",July,2023-07-31,216732271000,17219000000,17.41,2.35,10.91,1.54,0.0291,3.07,13.93,0.221,0.274,0.0995,0.3,56997999000,35753000000,3.07,0.407,0.16,58.73,17.41,13.89,3.783,5.03,3.665,11.61,0.954,57.77,37.46,54.66,50.62,4054860000,2023-10-25,2023-10-03,http://investor-data-bucket.s3.us-west-1.amazonaws.com/company_icon/CSCO.png,https://unidatafrontend.s3.us-west-2.amazonaws.com/company_icon/CSCO.png
CTSH,Common Stock,Cognizant Technology Solutions Corp Class A,"Cognizant is an American multinational technology company that provides business consulting, information technology and outsourcing services. It is headquartered in Teaneck, New Jersey, United States.",1058290,NASDAQ,USD,USA,TECHNOLOGY,SERVICES-COMPUTER PROGRAMMING SERVICES,"500 FRANK W. BURR BLVD., TEANECK, NJ, US",December,2023-06-30,34261979000,3464000000,15.85,1.208,25.55,1.14,0.0171,4.28,37.95,0.113,0.152,0.104,0.176,19394001000,7039000000,4.28,-0.18,-0.004,71.86,15.85,12.39,1.507,2.503,1.483,7.92,1.078,72.4,50.43,69.55,64.28,505041000,2023-08-29,2023-08-18,http://investor-data-bucket.s3.us-west-1.amazonaws.com/company_icon/CTSH.png,https://unidatafrontend.s3.us-west-2.amazonaws.com/company_icon/CTSH.png
CMCSA,Common Stock,Comcast Corp,"Comcast Corporation is an American telecommunications conglomerate headquartered in Philadelphia, Pennsylvania. It is the second-largest broadcasting and cable television company in the world by revenue (behind AT&T), the largest pay-TV company, the largest cable TV company and largest home Internet service provider in the United States, and the nation's third-largest home telephone service provider. Comcast provides services to U.S. residential and commercial customers in 40 states and in the District of Columbia. As the parent company of the international media company NBCUniversal since 2011, Comcast is a producer of feature films and television programs intended for theatrical exhibition and over-the-air and cable television broadcast, respectively.",1166691,NASDAQ,USD,USA,TECHNOLOGY,CABLE & OTHER PAY TELEVISION SERVICES,"ONE COMCAST CENTER, PHILADELPHIA, PA, US",December,2023-06-30,179319407000,37163000000,27.34,0.731,20.36,1.12,0.0267,1.59,28.34,0.054,0.191,0.0544,0.0693,120605999000,83214000000,1.59,0.342,0.017,49.04,27.34,9.46,1.234,1.902,1.976,8.72,1.054,47.15,27.58,45.36,40.54,4115690000,2023-10-25,2023-10-03,http://investor-data-bucket.s3.us-west-1.amazonaws.com/company_icon/CMCSA.png,https://unidatafrontend.s3.us-west-2.amazonaws.com/company_icon/CMCSA.png
CEG,Common Stock,Constellation Energy Corp,"Constellation Energy Corporation is an energy producer in the United States. The company is headquartered in Baltimore, Maryland.",1868275,NASDAQ,USD,USA,ENERGY & TRANSPORTATION,ELECTRIC SERVICES,"1310 POINT STREET, BALTIMORE, MD, US",December,2023-06-30,34503606000,3085000000,45.27,0.861,35.0,0.848,0.0105,2.37,80.59,0.0293,0.0245,0.0088,0.0662,26395001000,2227000000,2.37,-0.094,-0.003,103.85,45.27,20.92,1.296,2.75,1.496,16.1,None,112.92,70.72,99.13,87.41,321592000,2023-09-08,2023-08-11,http://investor-data-bucket.s3.us-west-1.amazonaws.com/company_icon/CEG.png,https://unidatafrontend.s3.us-west-2.amazonaws.com/company_icon/CEG.png
CPRT,Common Stock,Copart Inc,"Copart, Inc. or simply Copart is a global provider of online vehicle auction and remarketing services to automotive resellers such as insurance, rental car, fleet and finance companies in 11 countries: the US, Canada, the UK, Germany, Ireland, Brazil, Spain, Dubai, Bahrain, Oman and Finland.",900075,NASDAQ,USD,USA,TRADE & SERVICES,RETAIL-AUTO DEALERS & GASOLINE STATIONS,"14185 DALLAS PARKWAY, SUITE 300, DALLAS, TX, US",July,2023-07-31,42161959000,1638869000,33.36,1.14,6.25,0.0,0.0,1.32,4.058,0.32,0.384,0.154,0.233,3869518000,1769369000,1.32,0.308,0.129,51.4,33.36,25.51,8.05,6.13,7.9,19.08,1.193,47.38,26.45,44.04,39.62,957356000,None,None,http://investor-data-bucket.s3.us-west-1.amazonaws.com/company_icon/CPRT.png,https://unidatafrontend.s3.us-west-2.amazonaws.com/company_icon/CPRT.png
CSGP,Common Stock,CoStar Group Inc,"CoStar Group, Inc. provides online market information, analysis and services to the commercial real estate, hospitality, residential and related professional industries in the United States, Canada, Europe, Asia Pacific and Latin America. The company is headquartered in Washington, the District of Columbia.",1057352,NASDAQ,USD,USA,TRADE & SERVICES,"SERVICES-BUSINESS SERVICES, NEC","1331 L STREET, NW, WASHINGTON, DC, US",December,2023-06-30,32928295000,489319000,81.45,3.17,17.4,0.0,0.0,0.99,5.77,0.166,0.157,0.0282,0.0592,2320538000,1768391000,0.99,0.181,0.13,98.08,81.45,57.47,14.97,4.893,13.78,47.7,0.862,92.36,65.12,80.23,77.91,408337000,None,None,http://investor-data-bucket.s3.us-west-1.amazonaws.com/company_icon/CSGP.png,https://unidatafrontend.s3.us-west-2.amazonaws.com/company_icon/CSGP.png
COST,Common Stock,Costco Wholesale Corp,"Costco Wholesale Corporation (doing business as Costco Wholesale and also known simply as Costco) is an American multinational corporation which operates a chain of membership-only (needing a membership to shop there) big-box retail stores. As of 2020, Costco was the fifth largest retailer in the world, and the world's largest retailer of choice and prime beef, organic foods, rotisserie chicken, and wine as of 2016.",909832,NASDAQ,USD,USA,TRADE & SERVICES,RETAIL-VARIETY STORES,"999 LAKE DRIVE, ISSAQUAH, WA, US",August,2023-08-31,246870393000,10191000000,39.32,3.433,56.59,3.84,0.0072,14.18,545.88,0.026,0.0335,0.0762,0.275,242290000000,29704000000,14.18,0.157,0.095,593.69,39.32,33.56,0.891,10.39,0.919,26.33,0.773,576.19,445.35,555.05,515.27,442793000,2023-09-08,2023-08-24,http://investor-data-bucket.s3.us-west-1.amazonaws.com/company_icon/COST,https://unidatafrontend.s3.us-west-2.amazonaws.com/company_icon/COST
CRWD,Common Stock,Crowdstrike Holdings Inc,"CrowdStrike Holdings, Inc. provides cloud solutions for endpoint and cloud workload protection in the United States, Australia, Germany, India, Israel, Romania, and the United Kingdom. The company is headquartered in Sunnyvale, California.",1535527,NASDAQ,USD,USA,TECHNOLOGY,SERVICES-PREPACKAGED SOFTWARE,"150 MATHILDA PLACE, SUITE 300, SUNNYVALE, CA, US",January,2023-07-31,38499787000,-65019000,None,1.339,7.7,0.0,0.0,-0.4,11.21,-0.0354,-0.0578,-0.0197,-0.0608,2642455000,1640005000,-0.4,0.0,0.367,185.35,-,54.64,13.25,20.52,12.42,-766.86,0.96,176.94,92.25,150.15,131.61,226056000,None,None,http://investor-data-bucket.s3.us-west-1.amazonaws.com/company_icon/CRWD.png,https://unidatafrontend.s3.us-west-2.amazonaws.com/company_icon/CRWD.png
CSX,Common Stock,CSX Corporation,"CSX Corporation is an American holding company focused on rail transportation and real estate in North America, among other industries. Based in Richmond, Virginia, USA after the merger, in 2003 the CSX Corporation headquarters moved to Jacksonville, Florida.",277948,NASDAQ,USD,USA,ENERGY & TRANSPORTATION,"RAILROADS, LINE-HAUL OPERATING","500 WATER STREET, 15TH FLOOR, JACKSONVILLE, FL, US",December,2023-06-30,62015660000,7528000000,15.61,2.296,6.12,0.42,0.0143,1.98,7.27,0.274,0.397,0.0914,0.324,15030000000,7390000000,1.98,-0.093,-0.03,36.04,15.61,17.01,4.591,5.34,5.83,11.3,1.203,34.26,25.44,30.99,31.33,2006330000,2023-09-15,2023-08-30,http://investor-data-bucket.s3.us-west-1.amazonaws.com/company_icon/CSX.png,https://unidatafrontend.s3.us-west-2.amazonaws.com/company_icon/CSX.png
DDOG,Common Stock,Datadog Inc,"Datadog, Inc. provides an analytics and monitoring platform for developers, information technology operations teams, and business users in the cloud in North America and internationally. The company is headquartered in New York, New York.",1561550,NASDAQ,USD,USA,TECHNOLOGY,SERVICES-PREPACKAGED SOFTWARE,"620 EIGHTH AVENUE, 45TH FLOOR, NEW YORK, NY, US",December,2023-06-30,31762153000,-89754000,None,1.227,5.08,0.0,0.0,-0.28,5.95,-0.0438,-0.0648,-0.0258,-0.058,1897106000,1328623000,-0.28,0.0,0.254,106.43,-,69.44,16.23,19.82,16.08,522.64,0.942,118.02,61.34,100.56,82.97,299067000,None,None,http://investor-data-bucket.s3.us-west-1.amazonaws.com/company_icon/DDOG.png,https://unidatafrontend.s3.us-west-2.amazonaws.com/company_icon/DDOG.png
DXCM,Common Stock,DexCom Inc,"DexCom, Inc. is a company that develops, manufactures, and distributes continuous glucose monitoring (CGM) systems for diabetes management. It operates internationally with headquarters in San Diego, California, and has a manufacturing facility in Mesa, Arizona.",1093557,NASDAQ,USD,USA,LIFE SCIENCES,SURGICAL & MEDICAL INSTRUMENTS & APPARATUS,"6340 SEQUENCE DRIVE, SAN DIEGO, CA, US",December,2023-06-30,32278708000,592600000,101.49,11.34,5.44,0.0,0.0,0.82,8.25,0.112,0.14,0.0465,0.164,3197600000,1883100000,0.82,1.227,0.252,142.5,101.49,120.48,16.54,24.66,16.02,103.12,1.123,139.55,80.8,103.56,114.4,387872000,None,None,http://investor-data-bucket.s3.us-west-1.amazonaws.com/company_icon/DXCM.png,https://unidatafrontend.s3.us-west-2.amazonaws.com/company_icon/DXCM.png
FANG,Common Stock,Diamondback Energy Inc,"Diamondback Energy is a company engaged in hydrocarbon exploration and headquartered in Midland, Texas.",1539838,NASDAQ,USD,USA,ENERGY & TRANSPORTATION,CRUDE PETROLEUM & NATURAL GAS,"500 WEST TEXAS, SUITE 1210, MIDLAND, TX, US",December,2023-06-30,27042646000,6320000000,8.13,1.201,86.79,6.88,0.0456,18.6,43.79,0.442,0.612,0.117,0.237,7820000000,8173000000,18.6,-0.615,-0.32,176.39,8.13,5.37,2.739,1.798,3.137,4.19,2.038,161.33,117.6,151.02,140.24,178818000,2023-08-17,2023-08-09,http://investor-data-bucket.s3.us-west-1.amazonaws.com/company_icon/FANG.PNG,https://unidatafrontend.s3.us-west-2.amazonaws.com/company_icon/FANG.PNG
DLTR,Common Stock,Dollar Tree Inc,"Dollar Tree is an American chain of discount variety stores that sells items for $1 or less, headquartered in Chesapeake, Virginia.",935703,NASDAQ,USD,USA,TRADE & SERVICES,RETAIL-VARIETY STORES,"500 VOLVO PARKWAY, N/A, CHESAPEAKE, VA, US",January,2023-07-31,23177632000,2561300000,18.85,1.064,41.06,0.0,0.0,5.59,132.53,0.0416,0.0606,0.0482,0.14,29309700000,8935400000,5.59,-0.431,0.082,151.27,18.85,19.01,1.159,3.916,1.528,14.31,0.805,170.36,102.77,125.8,141.06,220006000,None,None,http://investor-data-bucket.s3.us-west-1.amazonaws.com/company_icon/DLTR.png,https://unidatafrontend.s3.us-west-2.amazonaws.com/company_icon/DLTR.png
EBAY,Common Stock,eBay Inc,"eBay Inc. is an American multinational e-commerce corporation based in San Jose, California, that facilitates consumer-to-consumer and business-to-consumer sales through its website.",1065088,NASDAQ,USD,USA,TRADE & SERVICES,"SERVICES-BUSINESS SERVICES, NEC","2025 HAMILTON AVENUE, SAN JOSE, CA, US",December,2023-06-30,22888071000,2753000000,18.3,2.221,9.88,0.98,0.0235,2.35,18.39,0.135,0.235,0.0737,0.255,9940000000,7115000000,2.35,-0.62,0.049,48.78,18.3,10.42,2.319,4.892,2.883,-9.7,1.318,51.35,35.14,43.68,44.72,532157000,2023-09-15,2023-08-31,http://investor-data-bucket.s3.us-west-1.amazonaws.com/company_icon/EBAY.png,https://unidatafrontend.s3.us-west-2.amazonaws.com/company_icon/EBAY.png
EA,Common Stock,Electronic Arts Inc,"Electronic Arts Inc. (EA) is an American video game company headquartered in Redwood City, California. It is the second-largest gaming company in the Americas and Europe by revenue and market capitalization after Activision Blizzard and ahead of Take-Two Interactive, and Ubisoft as of May 2020.",712515,NASDAQ,USD,USA,TECHNOLOGY,SERVICES-PREPACKAGED SOFTWARE,"209 REDWOOD SHORES PARKWAY, REDWOOD CITY, CA, US",March,2023-06-30,33311338000,1986000000,37.95,0.865,26.99,0.76,0.0064,3.24,27.55,0.118,0.209,0.0754,0.119,7583000000,5754000000,3.24,0.324,0.089,144.27,37.95,15.65,4.613,4.413,4.736,18.2,0.805,140.08,108.2,121.87,123.2,270912000,2023-09-20,2023-08-29,http://investor-data-bucket.s3.us-west-1.amazonaws.com/company_icon/EA.png,https://unidatafrontend.s3.us-west-2.amazonaws.com/company_icon/EA.png
ENPH,Common Stock,Enphase Energy Inc,"Enphase Energy is an American energy technology company headquartered in Fremont, California. Enphase designs and manufactures software-driven home energy solutions that span solar generation, home energy storage and web-based monitoring and control.",1463101,NASDAQ,USD,USA,MANUFACTURING,SEMICONDUCTORS & RELATED DEVICES,"47281 BAYSIDE PARKWAY, FREMONT, CA, US",December,2023-06-30,16248063000,691993000,29.5,2.197,7.17,0.0,0.0,4.04,20.52,0.205,0.228,0.135,0.804,2796499000,974595000,4.04,1.027,0.341,190.84,29.5,69.44,21.14,74.15,22.34,110.55,1.513,339.92,111.44,127.85,181.74,136355000,None,None,http://investor-data-bucket.s3.us-west-1.amazonaws.com/company_icon/ENPH.png,https://unidatafrontend.s3.us-west-2.amazonaws.com/company_icon/ENPH.png
EXC,Common Stock,Exelon Corporation,"Exelon Corporation is an American Fortune 100 energy company headquartered in Chicago, Illinois and incorporated in Pennsylvania.",1109357,NASDAQ,USD,USA,ENERGY & TRANSPORTATION,ELECTRIC & OTHER SERVICES COMBINED,"PO BOX 805398, CHICAGO, IL, US",December,2023-06-30,37897941000,6371000000,17.79,2.509,25.2,1.39,0.0385,2.14,20.03,0.107,0.185,0.0241,0.087,19892001000,8114000000,2.14,-0.277,0.137,44.78,17.79,18.08,1.131,1.731,2.169,7.53,0.647,43.23,33.99,40.0,41.22,995219000,2023-09-08,2023-08-14,http://investor-data-bucket.s3.us-west-1.amazonaws.com/company_icon/EXC.png,https://unidatafrontend.s3.us-west-2.amazonaws.com/company_icon/EXC.png
FAST,Common Stock,Fastenal Company,"Fastenal Company is an American company based in Winona, Minnesota. Fastenal's service model centers on approximately 3,200 in-market locations, each providing custom inventory, and a dedicated sales team to support local businesses. Fastenal offers companies supply chain solutions that help business reduce inventory touches, and supply chain waste.",815556,NASDAQ,USD,USA,TRADE & SERVICES,"RETAIL-BUILDING MATERIALS, HARDWARE, GARDEN SUPPLY","2001 THEURER BLVD, WINONA, MN, US",December,2023-06-30,32063207000,1678500000,28.63,2.453,5.92,1.32,0.0255,1.96,12.67,0.155,0.207,0.204,0.343,7240200000,3215800000,1.96,0.042,0.059,57.22,28.63,25.97,4.03,9.23,4.366,18.63,1.13,59.08,42.6,56.2,53.98,571333000,2023-08-24,2023-07-26,http://investor-data-bucket.s3.us-west-1.amazonaws.com/company_icon/FAST.png,https://unidatafrontend.s3.us-west-2.amazonaws.com/company_icon/FAST.png
FTNT,Common Stock,Fortinet Inc,"Fortinet (Nasdaq: FTNT) is an American multinational corporation headquartered in Sunnyvale, California. It develops and sells cybersecurity solutions, including but not limited to physical products such as firewalls, plus software and services such as anti-virus protection, intrusion prevention systems and endpoint security components.",1262039,NASDAQ,USD,USA,TECHNOLOGY,"COMPUTER PERIPHERAL EQUIPMENT, NEC","899 KIFER ROAD, SUNNYVALE, CA, US",December,2023-06-30,47065248000,1279800000,45.4,1.986,0.409,0.0,0.0,1.32,6.36,0.212,0.235,0.115,0.79,4987600000,3332500000,1.32,0.571,0.255,74.55,45.4,39.37,9.95,231.83,10.17,45.53,1.135,81.24,42.61,61.73,62.93,785337000,None,None,http://investor-data-bucket.s3.us-west-1.amazonaws.com/company_icon/FTNT.png,https://unidatafrontend.s3.us-west-2.amazonaws.com/company_icon/FTNT.png
GEHC,Common Stock,GE HealthCare Technologies Inc.,"GE HealthCare Technologies Inc. provides medical technology, pharmaceutical diagnostics, and digital solutions in the United States. The company is headquartered in Chicago, Illinois.",1932393,NASDAQ,USD,USA,LIFE SCIENCES,X-RAY APPARATUS & TUBES & RELATED IRRADIATION APPARATUS,"500 W. MONROE STREET, CHICAGO, IL, UNITED STATES",December,2023-06-30,31497533000,3341000000,19.51,None,15.62,0.06,0.0017,3.55,41.86,0.0962,0.142,0.0577,0.153,19037999000,7179000000,3.55,-0.147,0.074,89.67,19.51,-,-,-,-,-,None,87.76,52.96,75.93,74.49,454838000,2023-08-15,2023-07-20,http://investor-data-bucket.s3.us-west-1.amazonaws.com/company_icon/GEHC.png,https://unidatafrontend.s3.us-west-2.amazonaws.com/company_icon/GEHC.png
GILD,Common Stock,Gilead Sciences Inc,"Gilead Sciences, Inc. is an American biopharmaceutical company headquartered in Foster City, California, that focuses on researching and developing antiviral drugs used in the treatment of HIV, hepatitis B, hepatitis C, and influenza, including Harvoni and Sovaldi.",882095,NASDAQ,USD,USA,LIFE SCIENCES,"BIOLOGICAL PRODUCTS, (NO DISGNOSTIC SUBSTANCES)","333 LAKESIDE DR, FOSTER CITY, CA, US",December,2023-06-30,93126787000,12164000000,17.18,0.716,16.97,2.96,0.0409,4.35,21.87,0.2,0.357,0.0977,0.264,27382000000,21624000000,4.35,-0.088,0.054,90.79,17.18,13.19,4.002,5.32,4.856,17.34,0.387,86.75,61.77,76.57,79.95,1246010000,2023-09-28,2023-09-14,http://investor-data-bucket.s3.us-west-1.amazonaws.com/company_icon/GILD.png,https://unidatafrontend.s3.us-west-2.amazonaws.com/company_icon/GILD.png
GFS,Common Stock,Globalfoundries Inc,"GLOBALFOUNDRIES Inc. is a global semiconductor foundry. The company is headquartered in Malta, New York.",1709048,NASDAQ,USD,USA,MANUFACTURING,SEMICONDUCTORS & RELATED DEVICES,"400 STONEBREAK ROAD EXTENSION, MALTA, NY, US",December,2023-06-30,30640191000,2805000000,20.31,None,19.05,0.0,0.0,2.73,14.36,0.191,0.169,0.0488,0.156,7861000000,2239000000,2.73,-0.104,-0.074,71.67,20.31,27.86,4.293,3.949,4.481,13.37,None,72.5,46.52,60.2,61.43,552673000,None,None,http://investor-data-bucket.s3.us-west-1.amazonaws.com/company_icon/GFS.png,https://unidatafrontend.s3.us-west-2.amazonaws.com/company_icon/GFS.png
HON,Common Stock,Honeywell International Inc,"Honeywell International Inc. is an American publicly traded, multinational conglomerate headquartered in Charlotte, North Carolina. It primarily operates in four areas of business: aerospace, building technologies, performance materials and technologies (PMT), and safety and productivity solutions (SPS).",773840,NASDAQ,USD,USA,MANUFACTURING,AIRCRAFT ENGINES & ENGINE PARTS,"300 SOUTH TRYON STREET, CHARLOTTE, NC, US",December,2023-06-30,122607043000,8656000000,23.17,2.053,26.05,4.07,0.0237,7.97,53.99,0.151,0.207,0.0751,0.304,36146999000,11641000000,7.97,0.207,0.022,218.55,23.17,23.47,4.021,8.15,4.39,17.99,1.057,217.46,165.73,188.4,197.18,663961000,2023-09-01,2023-11-08,http://investor-data-bucket.s3.us-west-1.amazonaws.com/company_icon/HON.png,https://unidatafrontend.s3.us-west-2.amazonaws.com/company_icon/HON.png
IDXX,Common Stock,IDEXX Laboratories Inc,"IDEXX Laboratories, Inc. is an American multinational corporation  engaged in the development, manufacture, and distribution of products and services for the companion animal veterinary, livestock and poultry, water testing, and dairy markets.",874716,NASDAQ,USD,USA,LIFE SCIENCES,IN VITRO & IN VIVO DIAGNOSTIC SUBSTANCES,"ONE IDEXX DRIVE, WESTBROOK, ME, US",December,2023-06-30,37021872000,1161351000,47.5,7.21,13.17,0.0,0.0,9.39,42.31,0.225,0.298,0.239,1.021,3514054000,2004338000,9.39,0.712,0.097,569.13,47.5,50.25,10.3,74.82,11.08,37.65,1.195,564.74,317.06,480.42,481.17,83012000,None,None,http://investor-data-bucket.s3.us-west-1.amazonaws.com/company_icon/IDXX.png,https://unidatafrontend.s3.us-west-2.amazonaws.com/company_icon/IDXX.png
ILMN,Common Stock,Illumina Inc,"Illumina, Inc. is an American company. Incorporated on April 1, 1998, Illumina develops, manufactures, and markets integrated systems for the analysis of genetic variation and biological function. The company provides a line of products and services that serves the sequencing, genotyping and gene expression, and proteomics markets. Its headquarters are located in San Diego, California.",1110803,NASDAQ,USD,USA,LIFE SCIENCES,LABORATORY ANALYTICAL INSTRUMENTS,"5200 ILLUMINA WAY, SAN DIEGO, CA, US",December,2023-06-30,21896057000,252000000,None,4.178,41.49,0.0,0.0,-26.11,28.32,-0.938,-0.0386,-0.0079,-0.492,4461000000,3145000000,-26.11,-0.965,0.012,197.28,-,72.99,6.94,4.907,7.21,-9.22,1.123,248.87,127.37,161.57,194.76,158300000,None,None,http://investor-data-bucket.s3.us-west-1.amazonaws.com/company_icon/ILMN.png,https://unidatafrontend.s3.us-west-2.amazonaws.com/company_icon/ILMN.png
INTC,Common Stock,Intel Corporation,"Intel Corporation is an American multinational corporation and technology company headquartered in Santa Clara, California, in Silicon Valley. It is the world's largest semiconductor chip manufacturer by revenue, and is the developer of the x86 series of microprocessors, the processors found in most personal computers (PCs).",50863,NASDAQ,USD,USA,MANUFACTURING,SEMICONDUCTORS & RELATED DEVICES,"2200 MISSION COLLEGE BLVD, RNB-4-151, SANTA CLARA, CA, US",December,2023-06-30,151563715000,8780000000,None,12.69,24.12,1.22,0.014,-0.23,13.04,-0.0171,-0.0444,-0.0084,-0.0091,54044000000,26866000000,-0.23,-0.852,-0.155,35.37,-,15.04,1.611,1.168,1.921,4.937,0.887,40.07,23.79,35.35,31.38,4188000000,2023-09-01,2023-08-04,http://investor-data-bucket.s3.us-west-1.amazonaws.com/company_icon/INTC.png,https://unidatafrontend.s3.us-west-2.amazonaws.com/company_icon/INTC.png
INTU,Common Stock,Intuit Inc,"Intuit Inc. is an American business that specializes in financial software. Intuit's products include the tax preparation application TurboTax, personal finance app Mint and the small business accounting program QuickBooks.",896878,NASDAQ,USD,USA,TECHNOLOGY,SERVICES-PREPACKAGED SOFTWARE,"2700 COAST AVENUE, MOUNTAIN VIEW, CA, US",July,2023-07-31,149462122000,3784000000,63.26,1.907,61.58,3.12,0.007,8.43,51.13,0.166,0.219,0.0707,0.141,14368000000,11388000000,8.43,0.175,0.123,565.87,63.26,30.67,8.37,7.32,9.2,37.14,1.185,557.67,350.08,516.87,450.82,280259000,2023-10-17,2023-10-06,http://investor-data-bucket.s3.us-west-1.amazonaws.com/company_icon/INTU.png,https://unidatafrontend.s3.us-west-2.amazonaws.com/company_icon/INTU.png
ISRG,Common Stock,Intuitive Surgical Inc,"Intuitive Surgical, Inc. is an American corporation that develops, manufactures, and markets robotic products designed to improve clinical outcomes of patients through minimally invasive surgery, most notably with the da Vinci Surgical System.",1035267,NASDAQ,USD,USA,LIFE SCIENCES,"ORTHOPEDIC, PROSTHETIC & SURGICAL APPLIANCES & SUPPLIES","1020 KIFER ROAD, SUNNYVALE, CA, US",December,2023-06-30,101924569000,2024300000,73.07,3.273,33.81,0.0,0.0,3.97,18.94,0.214,0.248,0.0747,0.12,6664500000,4196000000,3.97,0.388,0.154,367.0,73.07,49.26,15.44,8.3,14.92,45.76,1.3,358.07,180.07,301.05,286.23,351355000,None,None,http://investor-data-bucket.s3.us-west-1.amazonaws.com/company_icon/ISRG.png,https://unidatafrontend.s3.us-west-2.amazonaws.com/company_icon/ISRG.png
JD,Common Stock,JD.com Inc Adr,"JD.com, Inc. is an e-commerce company and retail infrastructure service provider in the People's Republic of China. The company is headquartered in Beijing, China.",1549802,NASDAQ,USD,China,TRADE & SERVICES,"RETAIL-RETAIL STORES, NEC","20TH FLOOR, BUILDING A, NO. 18 KECHUANG, YIZHUANG BDA, DAXING DISTRICT, BEIJING, CHINA",December,2023-06-30,46582747000,33145000000,15.92,0.707,141.0,0.0,0.0218,1.86,682.19,0.0204,0.0237,0.0274,0.0827,1069867991000,84062000000,1.86,0.518,0.076,56.63,15.92,20.24,0.103,3.003,0.0855,12.96,0.539,66.13,28.07,33.46,41.26,1573000000,2023-05-04,2023-04-05,http://investor-data-bucket.s3.us-west-1.amazonaws.com/company_icon/JD.png,https://unidatafrontend.s3.us-west-2.amazonaws.com/company_icon/JD.png
KDP,Common Stock,Keurig Dr Pepper Inc,"Keurig Dr Pepper Inc. is a beverage company in the United States and internationally. The company is headquartered in Burlington, Massachusetts.",1418135,NASDAQ,USD,USA,MANUFACTURING,BEVERAGES,"5301 LEGACY DRIVE, PLANO, TX, US",December,2023-06-30,46878073000,3739000000,29.69,3.194,18.09,0.8,0.0238,1.13,10.34,0.11,0.208,0.0367,0.0633,14567000000,7332000000,1.13,1.395,0.066,38.76,29.69,21.14,3.802,2.158,5.05,16.45,0.573,38.77,29.18,32.77,34.3,1397260000,2023-07-14,2023-06-29,http://investor-data-bucket.s3.us-west-1.amazonaws.com/company_icon/KDP.png,https://unidatafrontend.s3.us-west-2.amazonaws.com/company_icon/KDP.png
KLAC,Common Stock,KLA-Tencor Corporation,"KLA Corporation is a capital equipment company based in Milpitas, California. It supplies process control and yield management systems for the semiconductor industry and other related nanoelectronics industries. The company's products and services are intended for all phases of wafer, reticle, integrated circuit (IC) and packaging production, from research and development to final volume manufacturing.",319201,NASDAQ,USD,USA,LIFE SCIENCES,OPTICAL INSTRUMENTS & LENSES,"ONE TECHNOLOGY DRIVE, MILPITAS, CA, US",June,2023-06-30,63805510000,4406901000,19.37,1.595,21.35,5.2,0.0113,24.16,75.25,0.323,0.38,0.187,1.569,10496056000,5619442000,24.16,-0.08,-0.053,524.89,19.37,14.6,5.53,36.29,5.85,13.42,1.35,520.19,247.01,481.64,429.43,136322000,2023-09-01,2023-08-14,http://investor-data-bucket.s3.us-west-1.amazonaws.com/company_icon/KLAC.png,https://unidatafrontend.s3.us-west-2.amazonaws.com/company_icon/KLAC.png
KHC,Common Stock,Kraft Heinz Co,"The Kraft Heinz Company (KHC), commonly known as Kraft Heinz, is an American food company formed by the merger of Kraft Foods and Heinz, co-headquartered in Chicago, Illinois, and Pittsburgh, Pennsylvania.",1637459,NASDAQ,USD,USA,MANUFACTURING,"CANNED, FROZEN & PRESERVD FRUIT, VEG & FOOD SPECIALTIES","ONE PPG PLACE, PITTSBURGH, PA, US",December,2023-06-30,39342129000,6158000000,12.46,2.886,40.56,1.6,0.0483,2.57,22.08,0.117,0.194,0.0359,0.0638,27096001000,8235000000,2.57,2.857,0.025,40.1,12.46,14.6,1.874,1.022,2.645,18.85,0.684,41.42,31.12,33.88,37.52,1228290000,2023-09-29,2023-08-31,http://investor-data-bucket.s3.us-west-1.amazonaws.com/company_icon/KHC.png,https://unidatafrontend.s3.us-west-2.amazonaws.com/company_icon/KHC.png
LRCX,Common Stock,Lam Research Corp,"Lam Research Corporation is an American corporation that engages in the design, manufacture, marketing, and service of semiconductor processing equipment used in the fabrication of integrated circuits. Its products are used primarily in front-end wafer processing, which involves the steps that create the active components of semiconductor devices (transistors, capacitors) and their wiring (interconnects). The company also builds equipment for back-end wafer-level packaging (WLP), and for related manufacturing markets such as for microelectromechanical systems (MEMS). The company is headquartered in Fremont, California, in the Silicon Valley.",707549,NASDAQ,USD,USA,TECHNOLOGY,"SPECIAL INDUSTRY MACHINERY, NEC","4650 CUSHING BLVD, FREMONT, CA, US",June,2023-06-30,81193566000,5637608000,18.08,1.514,61.59,6.9,0.0129,33.96,128.65,0.259,0.304,0.184,0.623,17428517000,7871807000,33.96,-0.316,-0.308,674.69,18.08,13.48,3.38,8.61,3.583,10.71,1.517,724.34,295.69,662.09,565.31,132222000,2023-10-04,2023-09-12,http://investor-data-bucket.s3.us-west-1.amazonaws.com/company_icon/LRCX.png,https://unidatafrontend.s3.us-west-2.amazonaws.com/company_icon/LRCX.png
LCID,Common Stock,Lucid Group Inc,None,1811210,NASDAQ,USD,USA,REAL ESTATE & CONSTRUCTION,BLANK CHECKS,"640 FIFTH AVENUE, 12TH FLOOR, NEW YORK, NY, US",December,2023-06-30,14517655000,-2811985920,None,None,2.611,0.0,0.0,-1.66,0.423,0.0,-4.012,-0.228,-0.527,753476000,-1037905000,-1.66,0.0,0.55,7.64,-,-,33.22,3.994,31.59,-7.06,1.004,17.81,4.97,6.75,7.87,2282650000,None,None,http://investor-data-bucket.s3.us-west-1.amazonaws.com/company_icon/LCID.png,https://unidatafrontend.s3.us-west-2.amazonaws.com/company_icon/LCID.png
LULU,Common Stock,Lululemon Athletica Inc,"lululemon athletica inc. The company is headquartered in Vancouver, Canada.",1397187,NASDAQ,USD,USA,MANUFACTURING,APPAREL & OTHER FINISHD PRODS OF FABRICS & SIMILAR MATL,"1818 CORNWALL AVENUE, VANCOUVER, BC, CA",January,2023-07-31,46468387000,2292912000,48.64,1.405,27.88,0.0,0.0,7.55,69.43,0.114,0.221,0.224,0.315,8838684000,4492340000,7.55,0.186,0.182,431.91,48.64,28.41,5.55,13.69,5.67,22.63,1.39,406.94,279.1,382.07,353.7,121425000,None,None,http://investor-data-bucket.s3.us-west-1.amazonaws.com/company_icon/LULU.png,https://unidatafrontend.s3.us-west-2.amazonaws.com/company_icon/LULU.png
MAR,Common Stock,Marriott International Inc,"Marriott International, Inc. is an American multinational company that operates, franchises, and licenses lodging including hotel, residential, and timeshare properties. It is headquartered in Bethesda, Maryland.",1048286,NASDAQ,USD,USA,REAL ESTATE & CONSTRUCTION,HOTELS & MOTELS,"10400 FERNWOOD ROAD, BETHESDA, MD, US",December,2023-06-30,58449072000,4320000000,22.02,0.682,-0.748,1.62,0.0109,8.9,19.04,0.467,0.677,0.102,0.36,5971000000,4282000000,8.9,0.155,0.141,208.38,22.02,20.04,9.99,47.45,3.1,17.38,1.579,210.45,135.82,201.15,178.54,298240000,2023-09-29,2023-08-16,http://investor-data-bucket.s3.us-west-1.amazonaws.com/company_icon/MAR.png,https://unidatafrontend.s3.us-west-2.amazonaws.com/company_icon/MAR.png
MRVL,Common Stock,Marvell Technology Group Ltd,"Marvell Technology, Inc. designs, develops, and sells analog, mixed-signal, digital signal processing, and integrated and independent integrated circuits. The company is headquartered in Wilmington, Delaware.",1835632,NASDAQ,USD,USA,MANUFACTURING,SEMICONDUCTORS & RELATED DEVICES,"1000 N. WEST STREET, SUITE 1200, WILMINGTON, DE, US",January,2023-07-31,47048483000,1276200000,None,1.115,17.83,0.24,0.0044,-0.44,6.56,-0.0674,-0.0205,-0.0033,-0.0245,5618400000,3026200000,-0.44,-0.702,-0.116,69.85,-,18.21,5.84,2.339,6.91,24.07,1.427,67.85,33.63,57.13,49.53,862800000,2023-10-25,2023-10-05,http://investor-data-bucket.s3.us-west-1.amazonaws.com/company_icon/MRVL.png,https://unidatafrontend.s3.us-west-2.amazonaws.com/company_icon/MRVL.png
MELI,Common Stock,MercadoLibre Inc.,"MercadoLibre, Inc. operates online trading platforms in Latin America. The company is headquartered in Buenos Aires, Argentina.",1099590,NASDAQ,USD,USA,TRADE & SERVICES,"SERVICES-BUSINESS SERVICES, NEC","ARIAS 3751, 7TH FLOOR, BUENOS AIRES, AR",December,2023-06-30,61991219000,2017000000,84.13,0.878,44.96,0.0,0.0,14.71,241.65,0.0623,0.127,0.0723,0.395,12144000000,5953000000,14.71,1.124,0.315,1640.68,84.13,61.73,4.346,26.74,4.718,42.97,1.534,1451.56,754.76,1303.04,1208.67,50093000,2018-01-16,2017-12-28,http://investor-data-bucket.s3.us-west-1.amazonaws.com/company_icon/MELI.png,https://unidatafrontend.s3.us-west-2.amazonaws.com/company_icon/MELI.png
META,Common Stock,Meta Platforms Inc.,"Meta Platforms, Inc. develops products that enable people to connect and share with friends and family through mobile devices, PCs, virtual reality headsets, wearables and home devices around the world. The company is headquartered in Menlo Park, California.",1326801,NASDAQ,USD,USA,TECHNOLOGY,"SERVICES-COMPUTER PROGRAMMING, DATA PROCESSING, ETC.","1601 WILLOW ROAD, MENLO PARK, CA, US",December,2023-06-30,811651826000,44914000000,36.64,2.635,51.59,0.0,0.0,8.61,46.03,0.187,0.292,0.117,0.174,120524997000,92855000000,8.61,0.211,0.11,362.48,36.64,14.95,2.614,2.598,2.595,7.05,1.234,326.2,88.09,301.86,235.59,2222580000,None,None,http://investor-data-bucket.s3.us-west-1.amazonaws.com/company_icon/META.png,https://unidatafrontend.s3.us-west-2.amazonaws.com/company_icon/META.png
MCHP,Common Stock,Microchip Technology Inc,"Microchip Technology Inc. is a publicly-listed American corporation that manufactures microcontroller, mixed-signal, analog and Flash-IP integrated circuits.",827054,NASDAQ,USD,USA,MANUFACTURING,SEMICONDUCTORS & RELATED DEVICES,"2355 W CHANDLER BLVD, CHANDLER, AZ, US",March,2023-06-30,43296330000,4294300000,18.37,1.638,12.55,1.37,0.0191,4.33,15.99,0.274,0.38,0.127,0.374,8763700000,4449600000,4.33,0.344,0.166,97.38,18.37,13.12,5.24,6.86,6.4,13.64,1.588,93.81,53.75,80.96,80.3,544334000,2023-09-05,2023-08-21,http://investor-data-bucket.s3.us-west-1.amazonaws.com/company_icon/MCHP.png,https://unidatafrontend.s3.us-west-2.amazonaws.com/company_icon/MCHP.png
MU,Common Stock,Micron Technology Inc,"Micron Technology, Inc. is an American producer of computer memory and computer data storage including dynamic random-access memory, flash memory, and USB flash drives. It is headquartered in Boise, Idaho.",723125,NASDAQ,USD,USA,MANUFACTURING,SEMICONDUCTORS & RELATED DEVICES,"8000 S FEDERAL WAY, PO BOX 6, BOISE, ID, US",August,2023-08-31,76627182000,2182000000,None,1.115,40.29,0.46,0.0068,-5.33,14.22,-0.375,-0.359,-0.0534,-0.124,15540000000,-1416000000,-5.33,-0.432,-0.396,78.2,-,454.55,1.846,1.193,1.877,3.421,1.357,74.51,48.05,68.06,62.82,1095300000,2023-10-25,2023-10-06,http://investor-data-bucket.s3.us-west-1.amazonaws.com/company_icon/MU.png,https://unidatafrontend.s3.us-west-2.amazonaws.com/company_icon/MU.png
MSFT,Common Stock,Microsoft Corporation,"Microsoft Corporation is an American multinational technology company which produces computer software, consumer electronics, personal computers, and related services. Its best known software products are the Microsoft Windows line of operating systems, the Microsoft Office suite, and the Internet Explorer and Edge web browsers. Its flagship hardware products are the Xbox video game consoles and the Microsoft Surface lineup of touchscreen personal computers. Microsoft ranked No. 21 in the 2020 Fortune 500 rankings of the largest United States corporations by total revenue; it was the world's largest software maker by revenue as of 2016. It is considered one of the Big Five companies in the U.S. information technology industry, along with Google, Apple, Amazon, and Facebook.",789019,NASDAQ,USD,USA,TECHNOLOGY,SERVICES-PREPACKAGED SOFTWARE,"ONE MICROSOFT WAY, REDMOND, WA, US",June,2023-06-30,2372768104000,102022996000,32.99,2.275,27.75,2.72,0.0096,9.68,28.46,0.342,0.418,0.142,0.388,211914998000,135620000000,9.68,0.202,0.083,391.14,32.99,27.03,9.14,11.05,9.21,18.55,0.905,366.01,211.39,325.25,297.47,7429760000,2023-12-14,2023-11-15,http://investor-data-bucket.s3.us-west-1.amazonaws.com/company_icon/MSFT.png,https://unidatafrontend.s3.us-west-2.amazonaws.com/company_icon/MSFT.png
MRNA,Common Stock,Moderna Inc,"Moderna, Inc., a biotechnology company, develops messenger RNA-based vaccines and therapies for the treatment of infectious diseases, immuno-oncology, rare diseases, cardiovascular diseases, and autoimmune diseases. The company is headquartered in Cambridge, Massachusetts.",1682852,NASDAQ,USD,USA,LIFE SCIENCES,"BIOLOGICAL PRODUCTS, (NO DISGNOSTIC SUBSTANCES)","200 TECHNOLOGY SQUARE, CAMBRIDGE, MA, US",December,2023-06-30,39535997000,876000000,36.07,0,44.49,0.0,0.0,2.88,27.6,0.113,0.0482,0.0134,0.0691,10654000000,10552000000,2.88,-0.978,-0.928,181.35,36.07,32.47,3.722,4.462,3.54,5.34,1.622,217.25,95.02,106.76,137.89,380593000,None,None,http://investor-data-bucket.s3.us-west-1.amazonaws.com/company_icon/MRNA.png,https://unidatafrontend.s3.us-west-2.amazonaws.com/company_icon/MRNA.png
MDLZ,Common Stock,Mondelez International Inc,"Mondelez International, Inc. is an American multinational confectionery, food, holding and beverage and snack food company based in Chicago, Illinois.",1103982,NASDAQ,USD,USA,MANUFACTURING,FOOD AND KINDRED PRODUCTS,"905 WEST FULTON MARKET, SUITE 200, CHICAGO, IL, US",December,2023-06-30,86196208000,6791000000,21.05,2.841,21.05,1.54,0.0245,3.01,24.95,0.121,0.165,0.0511,0.147,34130999000,11356000000,3.01,0.278,0.17,82.67,21.05,19.3,2.977,3.026,3.381,17.83,0.652,77.7,53.74,71.26,70.47,1360420000,2023-10-13,2023-09-28,http://investor-data-bucket.s3.us-west-1.amazonaws.com/company_icon/MDLZ.png,https://unidatafrontend.s3.us-west-2.amazonaws.com/company_icon/MDLZ.png
MNST,Common Stock,Monster Beverage Corp,"Monster Beverage Corporation is an American beverage company that manufactures energy drinks including Monster Energy, Relentless and Burn.",865752,NASDAQ,USD,USA,MANUFACTURING,BOTTLED & CANNED SOFT DRINKS & CARBONATED WATERS,"1 MONSTER WAY, CORONA, CA, US",December,2023-06-30,52344574000,1884345000,38.44,3.395,7.49,0.0,0.0,1.3,6.39,0.214,0.272,0.131,0.196,6691108000,3174567000,1.3,0.508,0.121,62.14,38.44,32.79,8.36,7.66,7.97,29.84,0.826,60.47,42.8,56.31,54.74,1047520000,None,None,http://investor-data-bucket.s3.us-west-1.amazonaws.com/company_icon/MNST.png,https://unidatafrontend.s3.us-west-2.amazonaws.com/company_icon/MNST.png
NFLX,Common Stock,Netflix Inc,"Netflix, Inc. is an American over-the-top content platform and production company headquartered in Los Gatos, California. Netflix was founded in 1997 by Reed Hastings and Marc Randolph in Scotts Valley, California. The company's primary business is a subscription-based streaming service offering online streaming from a library of films and television series, including those produced in-house.",1065280,NASDAQ,USD,USA,TRADE & SERVICES,SERVICES-VIDEO TAPE RENTAL,"100 WINCHESTER CIRCLE, ., LOS GATOS, CA, US",December,2023-06-30,169065021000,5982717000,40.67,2.369,51.52,0.0,0.0,9.38,72.23,0.132,0.175,0.0724,0.203,32126446000,12447265000,9.38,0.028,0.027,468.97,40.67,29.15,4.106,6.89,4.741,7.23,1.286,485.0,211.73,413.69,370.9,443147000,None,None,http://investor-data-bucket.s3.us-west-1.amazonaws.com/company_icon/NFLX.png,https://unidatafrontend.s3.us-west-2.amazonaws.com/company_icon/NFLX.png
NVDA,Common Stock,NVIDIA Corporation,"Nvidia Corporation is an American multinational technology company incorporated in Delaware and based in Santa Clara, California. It designs graphics processing units (GPUs) for the gaming and professional markets, as well as system on a chip units (SoCs) for the mobile computing and automotive market.",1045810,NASDAQ,USD,USA,MANUFACTURING,SEMICONDUCTORS & RELATED DEVICES,"2701 SAN TOMAS EXPRESSWAY, SANTA CLARA, CA, US",January,2023-07-31,1130321412000,12379000000,110.8,4.041,11.05,0.16,0.0004,4.13,13.21,0.316,0.33,0.145,0.402,32681001000,15356000000,4.13,8.54,1.015,629.48,110.8,39.53,14.79,19.59,14.59,56.0,1.736,502.62,108.06,448.72,328.3,2470000000,2023-09-28,2023-09-06,http://investor-data-bucket.s3.us-west-1.amazonaws.com/company_icon/NVDA.png,https://unidatafrontend.s3.us-west-2.amazonaws.com/company_icon/NVDA.png
NXPI,Common Stock,NXP Semiconductors NV,"NXP Semiconductors N.V. is a Dutch semiconductor manufacturer with headquarters in Eindhoven, Netherlands.",1413447,NASDAQ,USD,USA,MANUFACTURING,SEMICONDUCTORS & RELATED DEVICES,", ",December,2023-06-30,51307753000,4923000000,18.83,1.039,31.66,3.718,0.0203,10.57,50.65,0.21,0.285,0.101,0.358,13177000000,7514000000,10.57,0.055,-0.004,229.28,18.83,11.32,3.309,6.13,4.07,11.09,1.576,224.45,129.33,203.71,186.76,257802000,2023-10-05,2023-09-12,http://investor-data-bucket.s3.us-west-1.amazonaws.com/company_icon/NXPI.png,https://unidatafrontend.s3.us-west-2.amazonaws.com/company_icon/NXPI.png
ORLY,Common Stock,OâReilly Automotive Inc,"O'Reilly Auto Parts is an American auto parts retailer that provides automotive aftermarket parts, tools, supplies, equipment, and accessories in the United States serving both the professional service providers and do-it-yourself customers.",898173,NASDAQ,USD,USA,TRADE & SERVICES,RETAIL-AUTO & HOME SUPPLY STORES,"233 S PATTERSON AVE, SPRINGFIELD, MO, US",December,2023-06-30,54362026000,3445990000,24.98,1.836,-26.94,0.0,0.0,36.12,245.03,0.148,0.201,0.151,0.586,15219967000,7381706000,36.12,0.164,0.108,1018.61,24.98,21.98,3.593,210.18,4.086,17.43,0.835,975.72,708.18,931.65,890.58,60258000,None,None,http://investor-data-bucket.s3.us-west-1.amazonaws.com/company_icon/ORLY.png,https://unidatafrontend.s3.us-west-2.amazonaws.com/company_icon/ORLY.png
ODFL,Common Stock,Old Dominion Freight Line Inc,"Old Dominion Freight Line, Inc. is an American less than truckload shipping (LTL) company. It offers regional, inter-regional and national LTL service. In addition to its core LTL services, the company offers logistics services including ground and air expedited transportation, supply chain consulting, transportation management, truckload brokerage, container delivery and warehousing, as well as household moving services.",878927,NASDAQ,USD,USA,ENERGY & TRANSPORTATION,TRUCKING (NO LOCAL),"500 OLD DOMINION WAY, THOMASVILLE, NC, US",December,2023-06-30,45173580000,1997098000,35.98,1.894,35.05,1.4,0.0037,11.49,53.93,0.215,0.286,0.218,0.346,5950674000,2491592000,11.49,-0.197,-0.152,422.94,35.98,24.45,5.53,9.07,5.18,15.59,1.063,437.64,249.27,411.47,353.15,109268000,2023-09-20,2023-09-05,http://investor-data-bucket.s3.us-west-1.amazonaws.com/company_icon/ODFL.png,https://unidatafrontend.s3.us-west-2.amazonaws.com/company_icon/ODFL.png
ON,Common Stock,ON Semiconductor Corporation,"ON Semiconductor Corporation manufactures and sells semiconductor components for various electronic devices worldwide. The company is headquartered in Phoenix, Arizona.",1097864,NASDAQ,USD,USA,MANUFACTURING,SEMICONDUCTORS & RELATED DEVICES,"5005 EAST MCDOWELL ROAD, PHOENIX, AZ, US",December,2023-06-30,39238930000,3311100000,21.2,0.901,16.18,0.0,0.0,4.29,19.32,0.234,0.329,0.146,0.315,8350300000,4077200000,4.29,0.26,0.005,119.75,21.2,14.18,3.492,4.913,3.538,10.48,1.78,111.35,54.93,95.94,84.56,431529000,None,None,http://investor-data-bucket.s3.us-west-1.amazonaws.com/company_icon/ON.png,https://unidatafrontend.s3.us-west-2.amazonaws.com/company_icon/ON.png
PCAR,Common Stock,PACCAR Inc,"PACCAR Inc is an American Fortune 500 company and counts among the largest manufacturers of medium- and heavy-duty trucks in the world. PACCAR is engaged in the design, manufacture and customer support of light-, medium- and heavy-duty trucks under the Kenworth, Peterbilt, Leyland Trucks, and DAF nameplates. PACCAR also designs and manufactures powertrains, provides financial services and information technology, and distributes truck parts related to its principal business.",75362,NASDAQ,USD,USA,MANUFACTURING,MOTOR VEHICLES & PASSENGER CAR BODIES,"PACCAR BUILDING, 777 106TH AVENUE NE, BELLEVUE, WA, US",December,2023-06-30,45734982000,5450100000,12.57,1.406,28.85,0.98,0.0121,6.96,62.2,0.112,0.156,0.0941,0.264,32542800000,4612200000,6.96,0.701,0.241,90.08,12.57,13.28,1.244,2.772,1.507,10.41,0.913,89.76,55.34,84.81,76.71,522805000,2023-12-06,2023-11-14,http://investor-data-bucket.s3.us-west-1.amazonaws.com/company_icon/PCAR.png,https://unidatafrontend.s3.us-west-2.amazonaws.com/company_icon/PCAR.png
PANW,Common Stock,Palo Alto Networks Inc,"Palo Alto Networks, Inc. provides cybersecurity platform solutions globally. The company is headquartered in Santa Clara, California.",1327567,NASDAQ,USD,USA,TECHNOLOGY,"COMPUTER PERIPHERAL EQUIPMENT, NEC","4401 GREAT AMERICA PARKWAY, SANTA CLARA, CA, US",July,2023-07-31,76127306000,590000000,194.24,1.586,5.67,0.0,0.0,1.27,22.73,0.0638,0.0562,0.0181,0.449,6892700000,3782800000,1.27,63.73,0.26,274.57,194.24,49.26,7.93,95.37,8.35,218.15,1.192,258.88,132.22,233.35,203.23,308595000,None,None,http://investor-data-bucket.s3.us-west-1.amazonaws.com/company_icon/PANW.png,https://unidatafrontend.s3.us-west-2.amazonaws.com/company_icon/PANW.png
PAYX,Common Stock,Paychex Inc,"Paychex, Inc. is an American provider of human resource, payroll, and benefits outsourcing services for small- to medium-sized businesses.",723531,NASDAQ,USD,USA,TRADE & SERVICES,"SERVICES-ENGINEERING, ACCOUNTING, RESEARCH, MANAGEMENT","911 PANORAMA TRAIL S, ROCHESTER, NY, US",May,2023-08-31,41494721000,2247600000,26.05,3.41,9.93,3.36,0.0293,4.41,14.11,0.314,0.408,0.121,0.475,5086900000,3255400000,4.41,0.105,0.066,119.92,26.05,29.76,8.91,14.09,9.26,20.89,0.963,128.77,102.63,120.26,114.6,361232000,2023-08-24,2023-08-09,http://investor-data-bucket.s3.us-west-1.amazonaws.com/company_icon/PAYX.png,https://unidatafrontend.s3.us-west-2.amazonaws.com/company_icon/PAYX.png
PYPL,Common Stock,PayPal Holdings Inc,"PayPal Holdings, Inc. is an American company operating an online payments system in the majority of countries that support online money transfers, and serves as an electronic alternative to traditional paper methods like checks and money orders. The company operates as a payment processor for online vendors, auction sites, and many other commercial users, for which it charges a fee.",1633917,NASDAQ,USD,USA,TRADE & SERVICES,"SERVICES-BUSINESS SERVICES, NEC","2211 NORTH FIRST STREET, SAN JOSE, CA, US",December,2023-06-30,63433773000,5493000000,16.51,1.473,17.84,0.0,0.0,3.5,25.19,0.143,0.165,0.0388,0.207,28555999000,11653000000,3.5,0.628,0.071,85.23,16.51,15.15,2.912,4.086,3.054,18.15,1.34,92.62,55.86,62.14,69.74,1098040000,None,None,http://investor-data-bucket.s3.us-west-1.amazonaws.com/company_icon/PYPL.png,https://unidatafrontend.s3.us-west-2.amazonaws.com/company_icon/PYPL.png
PDD,Common Stock,Pinduoduo,"Pinduoduo Inc., operates an electronic commerce platform in the People's Republic of China. The company is headquartered in Shanghai, the People's Republic of China.",1737806,NASDAQ,USD,China,TRADE & SERVICES,"SERVICES-BUSINESS SERVICES, NEC","28/F, NO. 533 LOUSHANGUAN ROAD, CHANGNING DISTRICT, SHANGHAI, CHINA",December,2023-06-30,137230057000,41786683000,26.35,0.617,106.9,0.0,0.0,3.92,126.67,0.25,0.237,0.105,0.349,165242126000,99095291000,3.92,0.442,0.663,121.43,26.35,21.19,0.934,7.41,0.818,2.851,0.753,107.59,38.8,79.98,80.16,1328590000,None,None,http://investor-data-bucket.s3.us-west-1.amazonaws.com/company_icon/PDD.png,https://unidatafrontend.s3.us-west-2.amazonaws.com/company_icon/PDD.png
PEP,Common Stock,PepsiCo Inc,"PepsiCo, Inc. is an American based multinational food, snack, and beverage corporation headquartered in Harrison, New York, in the hamlet of Purchase. PepsiCo's business encompasses all aspects of the food and beverage market. It oversees the manufacturing, distribution, and marketing of its products.",77476,NASDAQ,USD,USA,MANUFACTURING,BEVERAGES,"700 ANDERSON HILL RD, PURCHASE, NY, US",December,2023-06-30,220651995000,15392000000,28.12,3.099,12.84,4.715,0.0288,5.7,65.43,0.0877,0.141,0.0839,0.437,90135003000,46050000000,5.7,0.932,0.104,196.4,28.12,25,2.969,13.31,3.409,16.97,0.549,194.15,155.83,178.59,180.76,1376580000,2023-09-29,2023-08-31,http://investor-data-bucket.s3.us-west-1.amazonaws.com/company_icon/PEP.png,https://unidatafrontend.s3.us-west-2.amazonaws.com/company_icon/PEP.png
QCOM,Common Stock,Qualcomm Incorporated,"Qualcomm is an American multinational corporation headquartered in San Diego, California, and incorporated in Delaware. It creates semiconductors, software, and services related to wireless technology. It owns patents critical to the 5G, 4G, CDMA2000, TD-SCDMA and WCDMA mobile communications standards.",804328,NASDAQ,USD,USA,MANUFACTURING,RADIO & TV BROADCASTING & COMMUNICATIONS EQUIPMENT,"5775 MOREHOUSE DR, SAN DIEGO, CA, US",September,2023-06-30,123742077000,13225000000,14.57,1.022,18.54,3.05,0.029,7.61,34.52,0.223,0.295,0.148,0.47,38584001000,25565000000,7.61,-0.514,-0.227,137.11,14.57,12.15,2.958,7.57,3.293,8.44,1.224,137.16,99.27,113.57,117.9,1116000000,2023-09-21,2023-08-30,http://investor-data-bucket.s3.us-west-1.amazonaws.com/company_icon/QCOM.png,https://unidatafrontend.s3.us-west-2.amazonaws.com/company_icon/QCOM.png
REGN,Common Stock,Regeneron Pharmaceuticals Inc,"Regeneron Pharmaceuticals, Inc. is an American biotechnology company headquartered in Westchester County, New York. Originally focused on neurotrophic factors and their regenerative capabilities, giving rise to its name, the company then branched out into the study of both cytokine and tyrosine kinase receptors.",872589,NASDAQ,USD,USA,LIFE SCIENCES,PHARMACEUTICAL PREPARATIONS,"777 OLD SAW MILL RIVER ROAD, TARRYTOWN, NY, US",December,2023-06-30,90817200000,4815100000,22.22,9.01,225.94,0.0,0.0,37.65,118.47,0.339,0.349,0.0955,0.192,12670800000,7020000000,37.65,0.138,0.105,907.48,22.22,17.79,5.81,3.81,5.64,12.07,0.186,847.5,668.0,813.06,769.91,106741000,None,None,http://investor-data-bucket.s3.us-west-1.amazonaws.com/company_icon/REGN.png,https://unidatafrontend.s3.us-west-2.amazonaws.com/company_icon/REGN.png
ROST,Common Stock,Ross Stores Inc,"Ross Stores, Inc., operating under the brand name Ross Dress for Less, is an American chain of discount department stores headquartered in Dublin, California.",745732,NASDAQ,USD,USA,TRADE & SERVICES,RETAIL-FAMILY CLOTHING STORES,"4440 ROSEWOOD DRIVE, PLEASANTON, CA, US",January,2023-07-31,38055465000,2423658000,23.81,2.596,13.14,1.29,0.012,4.72,56.66,0.0836,0.105,0.093,0.374,19209310000,5677201000,4.72,0.189,0.077,128.9,23.81,23.04,2.116,9.75,2.283,18.0,1.013,122.36,80.25,115.66,110.95,338632000,2023-09-29,2023-09-01,http://investor-data-bucket.s3.us-west-1.amazonaws.com/company_icon/ROST.png,https://unidatafrontend.s3.us-west-2.amazonaws.com/company_icon/ROST.png
SGEN,Common Stock,Seagen Inc,"Seagen Inc., a biotechnology company, develops and markets cancer treatment therapies in the United States and internationally. The company is headquartered in Bothell, Washington.",1060736,NASDAQ,USD,USA,LIFE SCIENCES,"BIOLOGICAL PRODUCTS, (NO DISGNOSTIC SUBSTANCES)","21823 30TH DRIVE SE, SUITE, BOTHELL, WA, US",December,2023-06-30,40077279000,-644238976,None,18.53,13.96,0.0,0.0,-3.91,11.6,-0.336,-0.331,-0.126,-0.261,2162001000,207993000,-3.91,5.23,0.214,224.83,-,909.09,12.79,8.16,11.43,-38.86,0.346,217.08,116.08,202.94,184.7,187698000,None,None,http://investor-data-bucket.s3.us-west-1.amazonaws.com/company_icon/SGEN.png,https://unidatafrontend.s3.us-west-2.amazonaws.com/company_icon/SGEN.png
SIRI,Common Stock,Sirius XM Holding Inc,Sirius XM Holdings Inc. provides satellite radio services by subscription fee in the United States. ,908937,NASDAQ,USD,USA,TECHNOLOGY,RADIO BROADCASTING STATIONS,"1290 AVENUE OF THE AMERICAS, 11TH FLOOR, NEW YORK, NY, US",December,2023-06-30,16599169000,2599000000,13.94,1.585,-0.809,0.095,0.0225,0.31,2.306,0.129,0.23,0.126,0.0,8957000000,4521000000,0.31,0.094,-0.001,4.9,13.94,17.99,2.645,-,3.765,13.43,1.037,7.91,3.282,4.425,4.461,3842400000,2023-08-30,2023-08-07,http://investor-data-bucket.s3.us-west-1.amazonaws.com/company_icon/SIRI.png,https://unidatafrontend.s3.us-west-2.amazonaws.com/company_icon/SIRI.png
SBUX,Common Stock,Starbucks Corporation,"Starbucks Corporation is an American multinational chain of coffeehouses and roastery reserves headquartered in Seattle, Washington. As the world's largest coffeehouse chain, Starbucks is seen to be the main representation of the United States' second wave of coffee culture.",829224,NASDAQ,USD,USA,TRADE & SERVICES,RETAIL-EATING & DRINKING PLACES,"P O BOX 34067, SEATTLE, WA, US",September,2023-06-30,106350395000,6504600000,27.72,1.726,-7.29,2.12,0.0255,3.35,30.52,0.108,0.145,0.111,0.0,35016200000,8385400000,3.35,0.253,0.125,112.79,27.72,30.03,3.559,-,4.276,22.09,0.982,114.3,80.72,96.63,101.59,1145400000,2023-11-24,2023-11-08,http://investor-data-bucket.s3.us-west-1.amazonaws.com/company_icon/SBUX.png,https://unidatafrontend.s3.us-west-2.amazonaws.com/company_icon/SBUX.png
SNPS,Common Stock,Synopsys Inc,"Synopsys is an American electronic design automation company that focuses on silicon design and verification, silicon intellectual property and software security and quality. Products include logic synthesis, behavioral synthesis, place and route, static timing analysis, formal verification, hardware description language (SystemC, SystemVerilog/Verilog, VHDL) simulators, and transistor-level circuit simulation.",883241,NASDAQ,USD,USA,TECHNOLOGY,SERVICES-PREPACKAGED SOFTWARE,"690 E MIDDLEFIELD RD, MOUNTAIN VIEW, CA, US",October,2023-07-31,71975272000,1298124000,71.27,1.846,39.17,0.0,0.0,6.64,36.28,0.187,0.205,0.0737,0.176,5527783000,4084781000,6.64,0.517,0.192,485.62,71.27,32.79,9.96,9.0,9.59,34.74,1.083,476.98,267.0,449.03,400.98,152084000,None,None,http://investor-data-bucket.s3.us-west-1.amazonaws.com/company_icon/SNPS.png,https://unidatafrontend.s3.us-west-2.amazonaws.com/company_icon/SNPS.png
TMUS,Common Stock,T-Mobile US Inc,"T-Mobile US, Inc., doing business under the global brand name T-Mobile, is an American wireless network operator. Its headquarters are located in Bellevue, Washington, in the Seattle metropolitan area and Overland Park, Kansas, in the Kansas City metropolitan area.",1283699,NASDAQ,USD,USA,TECHNOLOGY,RADIOTELEPHONE COMMUNICATIONS,"12920 SE 38TH STREET, BELLEVUE, WA, US",December,2023-06-30,163563241000,27869000000,27.97,0.469,55.7,0.0,0.0,4.97,64.05,0.0782,0.191,0.0446,0.0905,78578000000,47559000000,4.97,1.772,-0.026,177.36,27.97,19.16,2.178,2.525,3.502,14.69,0.535,154.38,124.92,138.03,141.11,1176460000,2023-12-15,2013-05-01,http://investor-data-bucket.s3.us-west-1.amazonaws.com/company_icon/TMUS.png,https://unidatafrontend.s3.us-west-2.amazonaws.com/company_icon/TMUS.png
TSLA,Common Stock,Tesla Inc,"Tesla, Inc. is an American electric vehicle and clean energy company based in Palo Alto, California. Tesla's current products include electric cars, battery energy storage from home to grid-scale, solar panels and solar roof tiles, as well as other related products and services. In 2020, Tesla had the highest sales in the plug-in and battery electric passenger car segments, capturing 16% of the plug-in market (which includes plug-in hybrids) and 23% of the battery-electric (purely electric) market. Through its subsidiary Tesla Energy, the company develops and is a major installer of solar photovoltaic energy generation systems in the United States. Tesla Energy is also one of the largest global suppliers of battery energy storage systems, with 3 GWh of battery storage supplied in 2020.",1318605,NASDAQ,USD,USA,MANUFACTURING,MOTOR VEHICLES & PASSENGER CAR BODIES,"3500 DEER CREEK RD, PALO ALTO, CA, US",December,2023-06-30,826919551000,16797000000,75.96,1.281,16.11,0.0,0.0,3.43,29.75,0.13,0.135,0.0994,0.271,94027997000,20853000000,3.43,0.2,0.472,238.93,75.96,28.82,6.65,12.42,6.41,29.61,2.089,299.29,101.81,250.54,208.33,3173990000,None,None,http://investor-data-bucket.s3.us-west-1.amazonaws.com/company_icon/TSLA.png,https://unidatafrontend.s3.us-west-2.amazonaws.com/company_icon/TSLA.png
TXN,Common Stock,Texas Instruments Incorporated,"Texas Instruments Incorporated (TI) is an American technology company headquartered in Dallas, Texas, that designs and manufactures semiconductors and various integrated circuits, which it sells to electronics designers and manufacturers globally. It is one of the top 10 semiconductor companies worldwide based on sales volume.",97476,NASDAQ,USD,USA,MANUFACTURING,SEMICONDUCTORS & RELATED DEVICES,"P.O. BOX 660199, DALLAS, TX, US",December,2023-06-30,142550663000,9646000000,18.76,2.985,17.55,4.87,0.0331,8.37,20.72,0.408,0.457,0.193,0.512,18820999000,13771000000,8.37,-0.237,-0.131,182.73,18.76,22.73,7.64,11.0,7.85,13.82,0.985,186.81,141.7,165.76,172.15,907966000,2023-11-14,2023-10-30,http://investor-data-bucket.s3.us-west-1.amazonaws.com/company_icon/TXN.png,https://unidatafrontend.s3.us-west-2.amazonaws.com/company_icon/TXN.png
TTD,Common Stock,Trade Desk Inc,"Trade Desk, Inc. is a technology company in the United States and internationally. The company is headquartered in Ventura, California.",1671933,NASDAQ,USD,USA,TECHNOLOGY,"SERVICES-COMPUTER PROGRAMMING, DATA PROCESSING, ETC.","42 N. CHESTNUT STREET, VENTURA, CA, US",December,2023-06-30,40269767000,209489000,315.96,1.83,4.227,0.0,0.0,0.26,3.544,0.0746,0.085,0.023,0.0672,1732567000,1296672000,0.26,7.7,0.232,88.33,315.96,43.86,15.18,13.03,16.11,629.04,1.665,91.85,39.43,79.86,66.72,446162000,None,None,http://investor-data-bucket.s3.us-west-1.amazonaws.com/company_icon/TTD.webp,https://unidatafrontend.s3.us-west-2.amazonaws.com/company_icon/TTD.webp
VRSK,Common Stock,Verisk Analytics Inc,"Verisk Analytics, Inc. is an American data analytics and risk assessment firm based in Jersey City, New Jersey, with customers in insurance, natural resources, financial services, government, and risk management sectors. The company uses proprietary data sets and industry expertise to provide predictive analytics and decision support consultations in areas including fraud prevention, actuarial science, insurance coverage, fire protection, catastrophe and weather risk, and data management.",1442145,NASDAQ,USD,USA,TECHNOLOGY,SERVICES-COMPUTER PROCESSING & DATA PREPARATION,"545 WASHINGTON BOULEVARD, JERSEY CITY, NJ, US",December,2023-06-30,34802131000,850200000,47.05,3.04,2.028,1.3,0.0056,5.1,16.84,0.196,0.275,0.0745,0.583,2567200000,1672400000,5.1,0.094,0.102,251.13,47.05,32.68,9.11,14.39,10.55,18.2,0.831,249.26,161.88,238.21,208.46,145027000,2023-09-29,2023-09-14,http://investor-data-bucket.s3.us-west-1.amazonaws.com/company_icon/VRSK.png,https://unidatafrontend.s3.us-west-2.amazonaws.com/company_icon/VRSK.png
VRTX,Common Stock,Vertex Pharmaceuticals Inc,"Vertex Pharmaceuticals, Inc. is an American biopharmaceutical company based in Boston, Massachusetts.",875320,NASDAQ,USD,USA,LIFE SCIENCES,PHARMACEUTICAL PREPARATIONS,"50 NORTHERN AVENUE, BOSTON, MA, US",December,2023-06-30,93074219000,4626800000,27.47,0.413,60.01,0.0,0.0,13.13,36.96,0.354,0.47,0.156,0.246,9505000000,5323100000,13.13,0.125,0.135,387.29,27.47,19.72,9.1,6.15,8.18,16.84,0.458,367.0,282.21,349.07,327.65,258095000,None,None,http://investor-data-bucket.s3.us-west-1.amazonaws.com/company_icon/VRTX.png,https://unidatafrontend.s3.us-west-2.amazonaws.com/company_icon/VRTX.png
WBA,Common Stock,Walgreens Boots Alliance Inc,"Walgreens Boots Alliance, Inc. is an American pharmaceuticals holding company headquartered in Deerfield, Illinois. It owns the pharmacy chains Walgreens and Boots, as well as several pharmaceutical manufacturing, wholesale, and distribution companies.",1618921,NASDAQ,USD,USA,TRADE & SERVICES,RETAIL-DRUG STORES AND PROPRIETARY STORES,"108 WILMOT ROAD, DEERFIELD, IL, US",August,2023-05-31,18827723000,2856000000,None,12.0,24.4,1.92,0.0851,-3.82,157.64,-0.0244,0.0075,0.0067,-0.126,136107999000,28266000000,-3.82,-0.586,0.086,29.62,-,8.8,0.251,1.161,0.471,10.52,0.794,40.39,20.58,24.96,31.56,863261000,2023-09-12,2023-08-18,http://investor-data-bucket.s3.us-west-1.amazonaws.com/company_icon/WBA.png,https://unidatafrontend.s3.us-west-2.amazonaws.com/company_icon/WBA.png
WBD,Common Stock,Warner Bros Discovery Inc,"Warner Bros. The company is headquartered in New York, New York.",1437107,NASDAQ,USD,USA,TECHNOLOGY,CABLE & OTHER PAY TELEVISION SERVICES,"8403 COLESVILLE ROAD, SILVER SPRING, MD, US",December,2023-06-30,28176116000,6140000000,None,1.389,18.65,0.0,0.0,-2.36,17.2,-0.16,-0.0533,-0.0103,-0.133,41889001000,13426000000,-2.36,2.267,0.054,19.8,-,149.25,0.934,0.55,2.851,6.45,1.522,16.34,8.82,12.9,12.97,2436110000,None,None,http://investor-data-bucket.s3.us-west-1.amazonaws.com/company_icon/WBD.png,https://unidatafrontend.s3.us-west-2.amazonaws.com/company_icon/WBD.png
WDAY,Common Stock,Workday Inc,"Workday, Inc. provides business applications in the cloud worldwide. The company is headquartered in Pleasanton, California.",1327811,NASDAQ,USD,USA,TECHNOLOGY,SERVICES-COMPUTER PROCESSING & DATA PREPARATION,"6230 STONERIDGE MALL ROAD, SUITE 200, PLEASANTON, CA, US",January,2023-07-31,55971062000,224850000,None,1.694,23.95,0.0,0.0,-0.46,26.0,-0.0181,-0.0147,-0.0046,-0.0213,6716441000,4500640000,-0.46,0.0,0.163,251.26,-,37.31,7.58,8.52,7.37,250.31,1.246,252.72,128.72,232.4,203.46,207000000,None,None,http://investor-data-bucket.s3.us-west-1.amazonaws.com/company_icon/WDAY.png,https://unidatafrontend.s3.us-west-2.amazonaws.com/company_icon/WDAY.png
XEL,Common Stock,Xcel Energy Inc,"Xcel Energy Inc. is a utility holding company based in Minneapolis, Minnesota, serving more than 3.7 million electric customers and 2.1 million natural gas customers in Minnesota, Michigan, Wisconsin, North Dakota, South Dakota, Colorado, Texas, and New Mexico as of 2019. It consists of four operating subsidiaries: Northern States Power-Minnesota, Northern States Power-Wisconsin, Public Service Company of Colorado, and Southwestern Public Service Co.",72903,NASDAQ,USD,USA,ENERGY & TRANSPORTATION,ELECTRIC & OTHER SERVICES COMBINED,"414 NICOLLET MALL, MINNEAPOLIS, MN, US",December,2023-06-30,31630416000,5004000000,17.98,3.209,30.68,2.015,0.0372,3.19,27.7,0.114,0.162,0.0255,0.105,15237000000,5770000000,3.19,-0.133,-0.117,65.0,17.98,21.1,2.645,2.38,4.394,13.13,0.451,71.15,53.73,58.49,64.84,551533000,2023-10-20,2023-09-14,http://investor-data-bucket.s3.us-west-1.amazonaws.com/company_icon/XEL.png,https://unidatafrontend.s3.us-west-2.amazonaws.com/company_icon/XEL.png
ZM,Common Stock,Zoom Video Communications Inc,"Zoom Video Communications, Inc. provides a premier video communications platform in the Americas, Asia Pacific, Europe, the Middle East, and Africa. The company is headquartered in San Jose, California.",1585521,NASDAQ,USD,USA,TECHNOLOGY,"SERVICES-COMPUTER PROGRAMMING, DATA PROCESSING, ETC.","55 ALMADEN BOULEVARD, 6TH FLOOR, SAN JOSE, CA, US",January,2023-07-31,21584636000,345842000,146.37,10.95,23.27,0.0,0.0,0.49,15.09,0.0318,0.0559,0.0184,0.0218,4463742000,3292509000,0.49,2.994,0.036,82.9,146.37,20.53,4.721,3.719,3.759,23.41,-0.218,89.67,60.45,68.85,69.94,254292000,None,None,http://investor-data-bucket.s3.us-west-1.amazonaws.com/company_icon/ZM.png,https://unidatafrontend.s3.us-west-2.amazonaws.com/company_icon/ZM.png
ZS,Common Stock,Zscaler Inc,"Zscaler, Inc. is a global cloud security company. The company is headquartered in San Jose, California.",1713683,NASDAQ,USD,USA,TECHNOLOGY,SERVICES-COMPUTER PROGRAMMING SERVICES,"110 ROSE ORCHARD WAY, SAN JOSE, CA, US",July,2023-04-30,23106218000,-233238000,None,2.115,4.122,0.0,0.0,-1.9,10.28,-0.182,-0.179,-0.058,-0.475,1480005000,850109000,-1.9,0.0,0.46,173.97,-,99.01,13.9,41.18,14.11,-64.71,0.862,170.33,84.93,147.04,127.36,145891000,None,None,http://investor-data-bucket.s3.us-west-1.amazonaws.com/company_icon/ZS.png,https://unidatafrontend.s3.us-west-2.amazonaws.com/company_icon/ZS.png
