Information,Note
Thank you for using Alpha Vantage! Our standard API rate limit is 25 requests per day. Please subscribe to any of the premium plans at https://www.alphavantage.co/premium/ to instantly remove all daily rate limits.,
Thank you for using Alpha Vantage! Our standard API rate limit is 25 requests per day. Please subscribe to any of the premium plans at https://www.alphavantage.co/premium/ to instantly remove all daily rate limits.,
Thank you for using Alpha Vantage! Our standard API rate limit is 25 requests per day. Please subscribe to any of the premium plans at https://www.alphavantage.co/premium/ to instantly remove all daily rate limits.,
Thank you for using Alpha Vantage! Our standard API rate limit is 25 requests per day. Please subscribe to any of the premium plans at https://www.alphavantage.co/premium/ to instantly remove all daily rate limits.,
Thank you for using Alpha Vantage! Our standard API rate limit is 25 requests per day. Please subscribe to any of the premium plans at https://www.alphavantage.co/premium/ to instantly remove all daily rate limits.,
Thank you for using Alpha Vantage! Our standard API rate limit is 25 requests per day. Please subscribe to any of the premium plans at https://www.alphavantage.co/premium/ to instantly remove all daily rate limits.,
Thank you for using Alpha Vantage! Our standard API rate limit is 25 requests per day. Please subscribe to any of the premium plans at https://www.alphavantage.co/premium/ to instantly remove all daily rate limits.,
Thank you for using Alpha Vantage! Our standard API rate limit is 25 requests per day. Please subscribe to any of the premium plans at https://www.alphavantage.co/premium/ to instantly remove all daily rate limits.,
Thank you for using Alpha Vantage! Our standard API rate limit is 25 requests per day. Please subscribe to any of the premium plans at https://www.alphavantage.co/premium/ to instantly remove all daily rate limits.,
Thank you for using Alpha Vantage! Our standard API rate limit is 25 requests per day. Please subscribe to any of the premium plans at https://www.alphavantage.co/premium/ to instantly remove all daily rate limits.,
Thank you for using Alpha Vantage! Our standard API rate limit is 25 requests per day. Please subscribe to any of the premium plans at https://www.alphavantage.co/premium/ to instantly remove all daily rate limits.,
Thank you for using Alpha Vantage! Our standard API rate limit is 25 requests per day. Please subscribe to any of the premium plans at https://www.alphavantage.co/premium/ to instantly remove all daily rate limits.,
Thank you for using Alpha Vantage! Our standard API rate limit is 25 requests per day. Please subscribe to any of the premium plans at https://www.alphavantage.co/premium/ to instantly remove all daily rate limits.,
Thank you for using Alpha Vantage! Our standard API rate limit is 25 requests per day. Please subscribe to any of the premium plans at https://www.alphavantage.co/premium/ to instantly remove all daily rate limits.,
Thank you for using Alpha Vantage! Our standard API rate limit is 25 requests per day. Please subscribe to any of the premium plans at https://www.alphavantage.co/premium/ to instantly remove all daily rate limits.,
Thank you for using Alpha Vantage! Our standard API rate limit is 25 requests per day. Please subscribe to any of the premium plans at https://www.alphavantage.co/premium/ to instantly remove all daily rate limits.,
Thank you for using Alpha Vantage! Our standard API rate limit is 25 requests per day. Please subscribe to any of the premium plans at https://www.alphavantage.co/premium/ to instantly remove all daily rate limits.,
Thank you for using Alpha Vantage! Our standard API rate limit is 25 requests per day. Please subscribe to any of the premium plans at https://www.alphavantage.co/premium/ to instantly remove all daily rate limits.,
Thank you for using Alpha Vantage! Our standard API rate limit is 25 requests per day. Please subscribe to any of the premium plans at https://www.alphavantage.co/premium/ to instantly remove all daily rate limits.,
Thank you for using Alpha Vantage! Our standard API rate limit is 25 requests per day. Please subscribe to any of the premium plans at https://www.alphavantage.co/premium/ to instantly remove all daily rate limits.,
Thank you for using Alpha Vantage! Our standard API rate limit is 25 requests per day. Please subscribe to any of the premium plans at https://www.alphavantage.co/premium/ to instantly remove all daily rate limits.,
Thank you for using Alpha Vantage! Our standard API rate limit is 25 requests per day. Please subscribe to any of the premium plans at https://www.alphavantage.co/premium/ to instantly remove all daily rate limits.,
Thank you for using Alpha Vantage! Our standard API rate limit is 25 requests per day. Please subscribe to any of the premium plans at https://www.alphavantage.co/premium/ to instantly remove all daily rate limits.,
Thank you for using Alpha Vantage! Our standard API rate limit is 25 requests per day. Please subscribe to any of the premium plans at https://www.alphavantage.co/premium/ to instantly remove all daily rate limits.,
Thank you for using Alpha Vantage! Our standard API rate limit is 25 requests per day. Please subscribe to any of the premium plans at https://www.alphavantage.co/premium/ to instantly remove all daily rate limits.,
,Thank you for using Alpha Vantage! Our standard API rate limit is 25 requests per day. Please visit https://www.alphavantage.co/premium/ if you would like to target a higher API call frequency.
,Thank you for using Alpha Vantage! Our standard API rate limit is 25 requests per day. Please visit https://www.alphavantage.co/premium/ if you would like to target a higher API call frequency.
,Thank you for using Alpha Vantage! Our standard API rate limit is 25 requests per day. Please visit https://www.alphavantage.co/premium/ if you would like to target a higher API call frequency.
,Thank you for using Alpha Vantage! Our standard API rate limit is 25 requests per day. Please visit https://www.alphavantage.co/premium/ if you would like to target a higher API call frequency.
,Thank you for using Alpha Vantage! Our standard API rate limit is 25 requests per day. Please visit https://www.alphavantage.co/premium/ if you would like to target a higher API call frequency.
,Thank you for using Alpha Vantage! Our standard API rate limit is 25 requests per day. Please visit https://www.alphavantage.co/premium/ if you would like to target a higher API call frequency.
,Thank you for using Alpha Vantage! Our standard API rate limit is 25 requests per day. Please visit https://www.alphavantage.co/premium/ if you would like to target a higher API call frequency.
,Thank you for using Alpha Vantage! Our standard API rate limit is 25 requests per day. Please visit https://www.alphavantage.co/premium/ if you would like to target a higher API call frequency.
,Thank you for using Alpha Vantage! Our standard API rate limit is 25 requests per day. Please visit https://www.alphavantage.co/premium/ if you would like to target a higher API call frequency.
,Thank you for using Alpha Vantage! Our standard API rate limit is 25 requests per day. Please visit https://www.alphavantage.co/premium/ if you would like to target a higher API call frequency.
,Thank you for using Alpha Vantage! Our standard API rate limit is 25 requests per day. Please visit https://www.alphavantage.co/premium/ if you would like to target a higher API call frequency.
,Thank you for using Alpha Vantage! Our standard API rate limit is 25 requests per day. Please visit https://www.alphavantage.co/premium/ if you would like to target a higher API call frequency.
,Thank you for using Alpha Vantage! Our standard API rate limit is 25 requests per day. Please visit https://www.alphavantage.co/premium/ if you would like to target a higher API call frequency.
,Thank you for using Alpha Vantage! Our standard API rate limit is 25 requests per day. Please visit https://www.alphavantage.co/premium/ if you would like to target a higher API call frequency.
,Thank you for using Alpha Vantage! Our standard API rate limit is 25 requests per day. Please visit https://www.alphavantage.co/premium/ if you would like to target a higher API call frequency.
,Thank you for using Alpha Vantage! Our standard API rate limit is 25 requests per day. Please visit https://www.alphavantage.co/premium/ if you would like to target a higher API call frequency.
,Thank you for using Alpha Vantage! Our standard API rate limit is 25 requests per day. Please visit https://www.alphavantage.co/premium/ if you would like to target a higher API call frequency.
,Thank you for using Alpha Vantage! Our standard API rate limit is 25 requests per day. Please visit https://www.alphavantage.co/premium/ if you would like to target a higher API call frequency.
,Thank you for using Alpha Vantage! Our standard API rate limit is 25 requests per day. Please visit https://www.alphavantage.co/premium/ if you would like to target a higher API call frequency.
,Thank you for using Alpha Vantage! Our standard API rate limit is 25 requests per day. Please visit https://www.alphavantage.co/premium/ if you would like to target a higher API call frequency.
,Thank you for using Alpha Vantage! Our standard API rate limit is 25 requests per day. Please visit https://www.alphavantage.co/premium/ if you would like to target a higher API call frequency.
,Thank you for using Alpha Vantage! Our standard API rate limit is 25 requests per day. Please visit https://www.alphavantage.co/premium/ if you would like to target a higher API call frequency.
,Thank you for using Alpha Vantage! Our standard API rate limit is 25 requests per day. Please visit https://www.alphavantage.co/premium/ if you would like to target a higher API call frequency.
,Thank you for using Alpha Vantage! Our standard API rate limit is 25 requests per day. Please visit https://www.alphavantage.co/premium/ if you would like to target a higher API call frequency.
,Thank you for using Alpha Vantage! Our standard API rate limit is 25 requests per day. Please visit https://www.alphavantage.co/premium/ if you would like to target a higher API call frequency.
,Thank you for using Alpha Vantage! Our standard API rate limit is 25 requests per day. Please visit https://www.alphavantage.co/premium/ if you would like to target a higher API call frequency.
,Thank you for using Alpha Vantage! Our standard API rate limit is 25 requests per day. Please visit https://www.alphavantage.co/premium/ if you would like to target a higher API call frequency.
,Thank you for using Alpha Vantage! Our standard API rate limit is 25 requests per day. Please visit https://www.alphavantage.co/premium/ if you would like to target a higher API call frequency.
,Thank you for using Alpha Vantage! Our standard API rate limit is 25 requests per day. Please visit https://www.alphavantage.co/premium/ if you would like to target a higher API call frequency.
,Thank you for using Alpha Vantage! Our standard API rate limit is 25 requests per day. Please visit https://www.alphavantage.co/premium/ if you would like to target a higher API call frequency.
,Thank you for using Alpha Vantage! Our standard API rate limit is 25 requests per day. Please visit https://www.alphavantage.co/premium/ if you would like to target a higher API call frequency.
,Thank you for using Alpha Vantage! Our standard API rate limit is 25 requests per day. Please visit https://www.alphavantage.co/premium/ if you would like to target a higher API call frequency.
,Thank you for using Alpha Vantage! Our standard API rate limit is 25 requests per day. Please visit https://www.alphavantage.co/premium/ if you would like to target a higher API call frequency.
,Thank you for using Alpha Vantage! Our standard API rate limit is 25 requests per day. Please visit https://www.alphavantage.co/premium/ if you would like to target a higher API call frequency.
,Thank you for using Alpha Vantage! Our standard API rate limit is 25 requests per day. Please visit https://www.alphavantage.co/premium/ if you would like to target a higher API call frequency.
,Thank you for using Alpha Vantage! Our standard API rate limit is 25 requests per day. Please visit https://www.alphavantage.co/premium/ if you would like to target a higher API call frequency.
,Thank you for using Alpha Vantage! Our standard API rate limit is 25 requests per day. Please visit https://www.alphavantage.co/premium/ if you would like to target a higher API call frequency.
,Thank you for using Alpha Vantage! Our standard API rate limit is 25 requests per day. Please visit https://www.alphavantage.co/premium/ if you would like to target a higher API call frequency.
,Thank you for using Alpha Vantage! Our standard API rate limit is 25 requests per day. Please visit https://www.alphavantage.co/premium/ if you would like to target a higher API call frequency.
,Thank you for using Alpha Vantage! Our standard API rate limit is 25 requests per day. Please visit https://www.alphavantage.co/premium/ if you would like to target a higher API call frequency.
,Thank you for using Alpha Vantage! Our standard API rate limit is 25 requests per day. Please visit https://www.alphavantage.co/premium/ if you would like to target a higher API call frequency.
,Thank you for using Alpha Vantage! Our standard API rate limit is 25 requests per day. Please visit https://www.alphavantage.co/premium/ if you would like to target a higher API call frequency.
,Thank you for using Alpha Vantage! Our standard API rate limit is 25 requests per day. Please visit https://www.alphavantage.co/premium/ if you would like to target a higher API call frequency.
,Thank you for using Alpha Vantage! Our standard API rate limit is 25 requests per day. Please visit https://www.alphavantage.co/premium/ if you would like to target a higher API call frequency.
,Thank you for using Alpha Vantage! Our standard API rate limit is 25 requests per day. Please visit https://www.alphavantage.co/premium/ if you would like to target a higher API call frequency.
,Thank you for using Alpha Vantage! Our standard API rate limit is 25 requests per day. Please visit https://www.alphavantage.co/premium/ if you would like to target a higher API call frequency.
,Thank you for using Alpha Vantage! Our standard API rate limit is 25 requests per day. Please visit https://www.alphavantage.co/premium/ if you would like to target a higher API call frequency.
,Thank you for using Alpha Vantage! Our standard API rate limit is 25 requests per day. Please visit https://www.alphavantage.co/premium/ if you would like to target a higher API call frequency.
,Thank you for using Alpha Vantage! Our standard API rate limit is 25 requests per day. Please visit https://www.alphavantage.co/premium/ if you would like to target a higher API call frequency.
,Thank you for using Alpha Vantage! Our standard API rate limit is 25 requests per day. Please visit https://www.alphavantage.co/premium/ if you would like to target a higher API call frequency.
,Thank you for using Alpha Vantage! Our standard API rate limit is 25 requests per day. Please visit https://www.alphavantage.co/premium/ if you would like to target a higher API call frequency.
,Thank you for using Alpha Vantage! Our standard API rate limit is 25 requests per day. Please visit https://www.alphavantage.co/premium/ if you would like to target a higher API call frequency.
,Thank you for using Alpha Vantage! Our standard API rate limit is 25 requests per day. Please visit https://www.alphavantage.co/premium/ if you would like to target a higher API call frequency.
,Thank you for using Alpha Vantage! Our standard API rate limit is 25 requests per day. Please visit https://www.alphavantage.co/premium/ if you would like to target a higher API call frequency.
,Thank you for using Alpha Vantage! Our standard API rate limit is 25 requests per day. Please visit https://www.alphavantage.co/premium/ if you would like to target a higher API call frequency.
,Thank you for using Alpha Vantage! Our standard API rate limit is 25 requests per day. Please visit https://www.alphavantage.co/premium/ if you would like to target a higher API call frequency.
,Thank you for using Alpha Vantage! Our standard API rate limit is 25 requests per day. Please visit https://www.alphavantage.co/premium/ if you would like to target a higher API call frequency.
,Thank you for using Alpha Vantage! Our standard API rate limit is 25 requests per day. Please visit https://www.alphavantage.co/premium/ if you would like to target a higher API call frequency.
,Thank you for using Alpha Vantage! Our standard API rate limit is 25 requests per day. Please visit https://www.alphavantage.co/premium/ if you would like to target a higher API call frequency.
,Thank you for using Alpha Vantage! Our standard API rate limit is 25 requests per day. Please visit https://www.alphavantage.co/premium/ if you would like to target a higher API call frequency.
,Thank you for using Alpha Vantage! Our standard API rate limit is 25 requests per day. Please visit https://www.alphavantage.co/premium/ if you would like to target a higher API call frequency.
,Thank you for using Alpha Vantage! Our standard API rate limit is 25 requests per day. Please visit https://www.alphavantage.co/premium/ if you would like to target a higher API call frequency.
Thank you for using Alpha Vantage! Our standard API rate limit is 25 requests per day. Please subscribe to any of the premium plans at https://www.alphavantage.co/premium/ to instantly remove all daily rate limits.,
Thank you for using Alpha Vantage! Our standard API rate limit is 25 requests per day. Please subscribe to any of the premium plans at https://www.alphavantage.co/premium/ to instantly remove all daily rate limits.,
Thank you for using Alpha Vantage! Our standard API rate limit is 25 requests per day. Please subscribe to any of the premium plans at https://www.alphavantage.co/premium/ to instantly remove all daily rate limits.,
Thank you for using Alpha Vantage! Our standard API rate limit is 25 requests per day. Please subscribe to any of the premium plans at https://www.alphavantage.co/premium/ to instantly remove all daily rate limits.,
Thank you for using Alpha Vantage! Our standard API rate limit is 25 requests per day. Please subscribe to any of the premium plans at https://www.alphavantage.co/premium/ to instantly remove all daily rate limits.,
Thank you for using Alpha Vantage! Our standard API rate limit is 25 requests per day. Please subscribe to any of the premium plans at https://www.alphavantage.co/premium/ to instantly remove all daily rate limits.,
Thank you for using Alpha Vantage! Our standard API rate limit is 25 requests per day. Please subscribe to any of the premium plans at https://www.alphavantage.co/premium/ to instantly remove all daily rate limits.,
Thank you for using Alpha Vantage! Our standard API rate limit is 25 requests per day. Please subscribe to any of the premium plans at https://www.alphavantage.co/premium/ to instantly remove all daily rate limits.,
Thank you for using Alpha Vantage! Our standard API rate limit is 25 requests per day. Please subscribe to any of the premium plans at https://www.alphavantage.co/premium/ to instantly remove all daily rate limits.,
Thank you for using Alpha Vantage! Our standard API rate limit is 25 requests per day. Please subscribe to any of the premium plans at https://www.alphavantage.co/premium/ to instantly remove all daily rate limits.,
Thank you for using Alpha Vantage! Our standard API rate limit is 25 requests per day. Please subscribe to any of the premium plans at https://www.alphavantage.co/premium/ to instantly remove all daily rate limits.,
Thank you for using Alpha Vantage! Our standard API rate limit is 25 requests per day. Please subscribe to any of the premium plans at https://www.alphavantage.co/premium/ to instantly remove all daily rate limits.,
Thank you for using Alpha Vantage! Our standard API rate limit is 25 requests per day. Please subscribe to any of the premium plans at https://www.alphavantage.co/premium/ to instantly remove all daily rate limits.,
Thank you for using Alpha Vantage! Our standard API rate limit is 25 requests per day. Please subscribe to any of the premium plans at https://www.alphavantage.co/premium/ to instantly remove all daily rate limits.,
